params,S_th,k,R_th,gap,TP,FP,FN,n_pos,n_neg,n_detected,Se,PPV,F
S_th=0.06|k=0.5|R_th=0.5|gap=10,0.06,0.5,0.5,10,1596,40,398,1994,107,1655,0.8004,0.9756,0.8793
S_th=0.06|k=0.5|R_th=0.5|gap=15,0.06,0.5,0.5,15,1596,40,398,1994,107,1650,0.8004,0.9756,0.8793
S_th=0.06|k=0.5|R_th=0.5|gap=20,0.06,0.5,0.5,20,1579,40,415,1994,107,1633,0.7919,0.9753,0.8741
S_th=0.06|k=0.5|R_th=0.5|gap=25,0.06,0.5,0.5,25,1571,40,423,1994,107,1625,0.7879,0.9752,0.8716
S_th=0.06|k=0.5|R_th=0.5|gap=30,0.06,0.5,0.5,30,1553,40,441,1994,107,1607,0.7788,0.9749,0.8659
S_th=0.06|k=0.5|R_th=0.6|gap=10,0.06,0.5,0.6,10,1596,40,398,1994,107,1655,0.8004,0.9756,0.8793
S_th=0.06|k=0.5|R_th=0.6|gap=15,0.06,0.5,0.6,15,1596,40,398,1994,107,1650,0.8004,0.9756,0.8793
S_th=0.06|k=0.5|R_th=0.6|gap=20,0.06,0.5,0.6,20,1579,40,415,1994,107,1633,0.7919,0.9753,0.8741
S_th=0.06|k=0.5|R_th=0.6|gap=25,0.06,0.5,0.6,25,1571,40,423,1994,107,1625,0.7879,0.9752,0.8716
S_th=0.06|k=0.5|R_th=0.6|gap=30,0.06,0.5,0.6,30,1553,40,441,1994,107,1607,0.7788,0.9749,0.8659
S_th=0.06|k=0.5|R_th=0.7|gap=10,0.06,0.5,0.7,10,1595,40,399,1994,107,1654,0.7999,0.9755,0.879
S_th=0.06|k=0.5|R_th=0.7|gap=15,0.06,0.5,0.7,15,1595,40,399,1994,107,1649,0.7999,0.9755,0.879
S_th=0.06|k=0.5|R_th=0.7|gap=20,0.06,0.5,0.7,20,1578,40,416,1994,107,1632,0.7914,0.9753,0.8738
S_th=0.06|k=0.5|R_th=0.7|gap=25,0.06,0.5,0.7,25,1570,40,424,1994,107,1624,0.7874,0.9752,0.8713
S_th=0.06|k=0.5|R_th=0.7|gap=30,0.06,0.5,0.7,30,1553,40,441,1994,107,1607,0.7788,0.9749,0.8659
S_th=0.06|k=0.5|R_th=0.75|gap=10,0.06,0.5,0.75,10,1595,40,399,1994,107,1654,0.7999,0.9755,0.879
S_th=0.06|k=0.5|R_th=0.75|gap=15,0.06,0.5,0.75,15,1595,40,399,1994,107,1649,0.7999,0.9755,0.879
S_th=0.06|k=0.5|R_th=0.75|gap=20,0.06,0.5,0.75,20,1578,40,416,1994,107,1632,0.7914,0.9753,0.8738
S_th=0.06|k=0.5|R_th=0.75|gap=25,0.06,0.5,0.75,25,1570,40,424,1994,107,1624,0.7874,0.9752,0.8713
S_th=0.06|k=0.5|R_th=0.75|gap=30,0.06,0.5,0.75,30,1553,40,441,1994,107,1607,0.7788,0.9749,0.8659
S_th=0.06|k=0.5|R_th=0.8|gap=10,0.06,0.5,0.8,10,1595,40,399,1994,107,1654,0.7999,0.9755,0.879
S_th=0.06|k=0.5|R_th=0.8|gap=15,0.06,0.5,0.8,15,1595,40,399,1994,107,1649,0.7999,0.9755,0.879
S_th=0.06|k=0.5|R_th=0.8|gap=20,0.06,0.5,0.8,20,1578,40,416,1994,107,1632,0.7914,0.9753,0.8738
S_th=0.06|k=0.5|R_th=0.8|gap=25,0.06,0.5,0.8,25,1570,40,424,1994,107,1624,0.7874,0.9752,0.8713
S_th=0.06|k=0.5|R_th=0.8|gap=30,0.06,0.5,0.8,30,1553,40,441,1994,107,1607,0.7788,0.9749,0.8659
S_th=0.06|k=1|R_th=0.5|gap=10,0.06,1.0,0.5,10,1234,42,760,1994,107,1291,0.6189,0.9671,0.7547
S_th=0.06|k=1|R_th=0.5|gap=15,0.06,1.0,0.5,15,1234,42,760,1994,107,1289,0.6189,0.9671,0.7547
S_th=0.06|k=1|R_th=0.5|gap=20,0.06,1.0,0.5,20,1226,42,768,1994,107,1281,0.6148,0.9669,0.7517
S_th=0.06|k=1|R_th=0.5|gap=25,0.06,1.0,0.5,25,1221,42,773,1994,107,1276,0.6123,0.9667,0.7498
S_th=0.06|k=1|R_th=0.5|gap=30,0.06,1.0,0.5,30,1211,42,783,1994,107,1266,0.6073,0.9665,0.7459
S_th=0.06|k=1|R_th=0.6|gap=10,0.06,1.0,0.6,10,1234,42,760,1994,107,1291,0.6189,0.9671,0.7547
S_th=0.06|k=1|R_th=0.6|gap=15,0.06,1.0,0.6,15,1234,42,760,1994,107,1289,0.6189,0.9671,0.7547
S_th=0.06|k=1|R_th=0.6|gap=20,0.06,1.0,0.6,20,1226,42,768,1994,107,1281,0.6148,0.9669,0.7517
S_th=0.06|k=1|R_th=0.6|gap=25,0.06,1.0,0.6,25,1221,42,773,1994,107,1276,0.6123,0.9667,0.7498
S_th=0.06|k=1|R_th=0.6|gap=30,0.06,1.0,0.6,30,1211,42,783,1994,107,1266,0.6073,0.9665,0.7459
S_th=0.06|k=1|R_th=0.7|gap=10,0.06,1.0,0.7,10,1234,42,760,1994,107,1291,0.6189,0.9671,0.7547
S_th=0.06|k=1|R_th=0.7|gap=15,0.06,1.0,0.7,15,1234,42,760,1994,107,1289,0.6189,0.9671,0.7547
S_th=0.06|k=1|R_th=0.7|gap=20,0.06,1.0,0.7,20,1226,42,768,1994,107,1281,0.6148,0.9669,0.7517
S_th=0.06|k=1|R_th=0.7|gap=25,0.06,1.0,0.7,25,1221,42,773,1994,107,1276,0.6123,0.9667,0.7498
S_th=0.06|k=1|R_th=0.7|gap=30,0.06,1.0,0.7,30,1211,42,783,1994,107,1266,0.6073,0.9665,0.7459
S_th=0.06|k=1|R_th=0.75|gap=10,0.06,1.0,0.75,10,1234,42,760,1994,107,1291,0.6189,0.9671,0.7547
S_th=0.06|k=1|R_th=0.75|gap=15,0.06,1.0,0.75,15,1234,42,760,1994,107,1289,0.6189,0.9671,0.7547
S_th=0.06|k=1|R_th=0.75|gap=20,0.06,1.0,0.75,20,1226,42,768,1994,107,1281,0.6148,0.9669,0.7517
S_th=0.06|k=1|R_th=0.75|gap=25,0.06,1.0,0.75,25,1221,42,773,1994,107,1276,0.6123,0.9667,0.7498
S_th=0.06|k=1|R_th=0.75|gap=30,0.06,1.0,0.75,30,1211,42,783,1994,107,1266,0.6073,0.9665,0.7459
S_th=0.06|k=1|R_th=0.8|gap=10,0.06,1.0,0.8,10,1234,42,760,1994,107,1291,0.6189,0.9671,0.7547
S_th=0.06|k=1|R_th=0.8|gap=15,0.06,1.0,0.8,15,1234,42,760,1994,107,1289,0.6189,0.9671,0.7547
S_th=0.06|k=1|R_th=0.8|gap=20,0.06,1.0,0.8,20,1226,42,768,1994,107,1281,0.6148,0.9669,0.7517
S_th=0.06|k=1|R_th=0.8|gap=25,0.06,1.0,0.8,25,1221,42,773,1994,107,1276,0.6123,0.9667,0.7498
S_th=0.06|k=1|R_th=0.8|gap=30,0.06,1.0,0.8,30,1211,42,783,1994,107,1266,0.6073,0.9665,0.7459
S_th=0.06|k=2|R_th=0.5|gap=10,0.06,2.0,0.5,10,152,4,1842,1994,107,164,0.0762,0.9744,0.1414
S_th=0.06|k=2|R_th=0.5|gap=15,0.06,2.0,0.5,15,152,4,1842,1994,107,164,0.0762,0.9744,0.1414
S_th=0.06|k=2|R_th=0.5|gap=20,0.06,2.0,0.5,20,152,4,1842,1994,107,164,0.0762,0.9744,0.1414
S_th=0.06|k=2|R_th=0.5|gap=25,0.06,2.0,0.5,25,152,4,1842,1994,107,164,0.0762,0.9744,0.1414
S_th=0.06|k=2|R_th=0.5|gap=30,0.06,2.0,0.5,30,152,4,1842,1994,107,164,0.0762,0.9744,0.1414
S_th=0.06|k=2|R_th=0.6|gap=10,0.06,2.0,0.6,10,152,4,1842,1994,107,164,0.0762,0.9744,0.1414
S_th=0.06|k=2|R_th=0.6|gap=15,0.06,2.0,0.6,15,152,4,1842,1994,107,164,0.0762,0.9744,0.1414
S_th=0.06|k=2|R_th=0.6|gap=20,0.06,2.0,0.6,20,152,4,1842,1994,107,164,0.0762,0.9744,0.1414
S_th=0.06|k=2|R_th=0.6|gap=25,0.06,2.0,0.6,25,152,4,1842,1994,107,164,0.0762,0.9744,0.1414
S_th=0.06|k=2|R_th=0.6|gap=30,0.06,2.0,0.6,30,152,4,1842,1994,107,164,0.0762,0.9744,0.1414
S_th=0.06|k=2|R_th=0.7|gap=10,0.06,2.0,0.7,10,152,4,1842,1994,107,164,0.0762,0.9744,0.1414
S_th=0.06|k=2|R_th=0.7|gap=15,0.06,2.0,0.7,15,152,4,1842,1994,107,164,0.0762,0.9744,0.1414
S_th=0.06|k=2|R_th=0.7|gap=20,0.06,2.0,0.7,20,152,4,1842,1994,107,164,0.0762,0.9744,0.1414
S_th=0.06|k=2|R_th=0.7|gap=25,0.06,2.0,0.7,25,152,4,1842,1994,107,164,0.0762,0.9744,0.1414
S_th=0.06|k=2|R_th=0.7|gap=30,0.06,2.0,0.7,30,152,4,1842,1994,107,164,0.0762,0.9744,0.1414
S_th=0.06|k=2|R_th=0.75|gap=10,0.06,2.0,0.75,10,152,4,1842,1994,107,164,0.0762,0.9744,0.1414
S_th=0.06|k=2|R_th=0.75|gap=15,0.06,2.0,0.75,15,152,4,1842,1994,107,164,0.0762,0.9744,0.1414
S_th=0.06|k=2|R_th=0.75|gap=20,0.06,2.0,0.75,20,152,4,1842,1994,107,164,0.0762,0.9744,0.1414
S_th=0.06|k=2|R_th=0.75|gap=25,0.06,2.0,0.75,25,152,4,1842,1994,107,164,0.0762,0.9744,0.1414
S_th=0.06|k=2|R_th=0.75|gap=30,0.06,2.0,0.75,30,152,4,1842,1994,107,164,0.0762,0.9744,0.1414
S_th=0.06|k=2|R_th=0.8|gap=10,0.06,2.0,0.8,10,152,4,1842,1994,107,164,0.0762,0.9744,0.1414
S_th=0.06|k=2|R_th=0.8|gap=15,0.06,2.0,0.8,15,152,4,1842,1994,107,164,0.0762,0.9744,0.1414
S_th=0.06|k=2|R_th=0.8|gap=20,0.06,2.0,0.8,20,152,4,1842,1994,107,164,0.0762,0.9744,0.1414
S_th=0.06|k=2|R_th=0.8|gap=25,0.06,2.0,0.8,25,152,4,1842,1994,107,164,0.0762,0.9744,0.1414
S_th=0.06|k=2|R_th=0.8|gap=30,0.06,2.0,0.8,30,152,4,1842,1994,107,164,0.0762,0.9744,0.1414
S_th=0.06|k=3|R_th=0.5|gap=10,0.06,3.0,0.5,10,3,0,1991,1994,107,4,0.0015,1.0,0.003
S_th=0.06|k=3|R_th=0.5|gap=15,0.06,3.0,0.5,15,3,0,1991,1994,107,4,0.0015,1.0,0.003
S_th=0.06|k=3|R_th=0.5|gap=20,0.06,3.0,0.5,20,3,0,1991,1994,107,4,0.0015,1.0,0.003
S_th=0.06|k=3|R_th=0.5|gap=25,0.06,3.0,0.5,25,3,0,1991,1994,107,4,0.0015,1.0,0.003
S_th=0.06|k=3|R_th=0.5|gap=30,0.06,3.0,0.5,30,3,0,1991,1994,107,4,0.0015,1.0,0.003
S_th=0.06|k=3|R_th=0.6|gap=10,0.06,3.0,0.6,10,3,0,1991,1994,107,4,0.0015,1.0,0.003
S_th=0.06|k=3|R_th=0.6|gap=15,0.06,3.0,0.6,15,3,0,1991,1994,107,4,0.0015,1.0,0.003
S_th=0.06|k=3|R_th=0.6|gap=20,0.06,3.0,0.6,20,3,0,1991,1994,107,4,0.0015,1.0,0.003
S_th=0.06|k=3|R_th=0.6|gap=25,0.06,3.0,0.6,25,3,0,1991,1994,107,4,0.0015,1.0,0.003
S_th=0.06|k=3|R_th=0.6|gap=30,0.06,3.0,0.6,30,3,0,1991,1994,107,4,0.0015,1.0,0.003
S_th=0.06|k=3|R_th=0.7|gap=10,0.06,3.0,0.7,10,3,0,1991,1994,107,4,0.0015,1.0,0.003
S_th=0.06|k=3|R_th=0.7|gap=15,0.06,3.0,0.7,15,3,0,1991,1994,107,4,0.0015,1.0,0.003
S_th=0.06|k=3|R_th=0.7|gap=20,0.06,3.0,0.7,20,3,0,1991,1994,107,4,0.0015,1.0,0.003
S_th=0.06|k=3|R_th=0.7|gap=25,0.06,3.0,0.7,25,3,0,1991,1994,107,4,0.0015,1.0,0.003
S_th=0.06|k=3|R_th=0.7|gap=30,0.06,3.0,0.7,30,3,0,1991,1994,107,4,0.0015,1.0,0.003
S_th=0.06|k=3|R_th=0.75|gap=10,0.06,3.0,0.75,10,3,0,1991,1994,107,4,0.0015,1.0,0.003
S_th=0.06|k=3|R_th=0.75|gap=15,0.06,3.0,0.75,15,3,0,1991,1994,107,4,0.0015,1.0,0.003
S_th=0.06|k=3|R_th=0.75|gap=20,0.06,3.0,0.75,20,3,0,1991,1994,107,4,0.0015,1.0,0.003
S_th=0.06|k=3|R_th=0.75|gap=25,0.06,3.0,0.75,25,3,0,1991,1994,107,4,0.0015,1.0,0.003
S_th=0.06|k=3|R_th=0.75|gap=30,0.06,3.0,0.75,30,3,0,1991,1994,107,4,0.0015,1.0,0.003
S_th=0.06|k=3|R_th=0.8|gap=10,0.06,3.0,0.8,10,3,0,1991,1994,107,4,0.0015,1.0,0.003
S_th=0.06|k=3|R_th=0.8|gap=15,0.06,3.0,0.8,15,3,0,1991,1994,107,4,0.0015,1.0,0.003
S_th=0.06|k=3|R_th=0.8|gap=20,0.06,3.0,0.8,20,3,0,1991,1994,107,4,0.0015,1.0,0.003
S_th=0.06|k=3|R_th=0.8|gap=25,0.06,3.0,0.8,25,3,0,1991,1994,107,4,0.0015,1.0,0.003
S_th=0.06|k=3|R_th=0.8|gap=30,0.06,3.0,0.8,30,3,0,1991,1994,107,4,0.0015,1.0,0.003
S_th=0.06|k=5|R_th=0.5|gap=10,0.06,5.0,0.5,10,0,0,1994,1994,107,0,0.0,,
S_th=0.06|k=5|R_th=0.5|gap=15,0.06,5.0,0.5,15,0,0,1994,1994,107,0,0.0,,
S_th=0.06|k=5|R_th=0.5|gap=20,0.06,5.0,0.5,20,0,0,1994,1994,107,0,0.0,,
S_th=0.06|k=5|R_th=0.5|gap=25,0.06,5.0,0.5,25,0,0,1994,1994,107,0,0.0,,
S_th=0.06|k=5|R_th=0.5|gap=30,0.06,5.0,0.5,30,0,0,1994,1994,107,0,0.0,,
S_th=0.06|k=5|R_th=0.6|gap=10,0.06,5.0,0.6,10,0,0,1994,1994,107,0,0.0,,
S_th=0.06|k=5|R_th=0.6|gap=15,0.06,5.0,0.6,15,0,0,1994,1994,107,0,0.0,,
S_th=0.06|k=5|R_th=0.6|gap=20,0.06,5.0,0.6,20,0,0,1994,1994,107,0,0.0,,
S_th=0.06|k=5|R_th=0.6|gap=25,0.06,5.0,0.6,25,0,0,1994,1994,107,0,0.0,,
S_th=0.06|k=5|R_th=0.6|gap=30,0.06,5.0,0.6,30,0,0,1994,1994,107,0,0.0,,
S_th=0.06|k=5|R_th=0.7|gap=10,0.06,5.0,0.7,10,0,0,1994,1994,107,0,0.0,,
S_th=0.06|k=5|R_th=0.7|gap=15,0.06,5.0,0.7,15,0,0,1994,1994,107,0,0.0,,
S_th=0.06|k=5|R_th=0.7|gap=20,0.06,5.0,0.7,20,0,0,1994,1994,107,0,0.0,,
S_th=0.06|k=5|R_th=0.7|gap=25,0.06,5.0,0.7,25,0,0,1994,1994,107,0,0.0,,
S_th=0.06|k=5|R_th=0.7|gap=30,0.06,5.0,0.7,30,0,0,1994,1994,107,0,0.0,,
S_th=0.06|k=5|R_th=0.75|gap=10,0.06,5.0,0.75,10,0,0,1994,1994,107,0,0.0,,
S_th=0.06|k=5|R_th=0.75|gap=15,0.06,5.0,0.75,15,0,0,1994,1994,107,0,0.0,,
S_th=0.06|k=5|R_th=0.75|gap=20,0.06,5.0,0.75,20,0,0,1994,1994,107,0,0.0,,
S_th=0.06|k=5|R_th=0.75|gap=25,0.06,5.0,0.75,25,0,0,1994,1994,107,0,0.0,,
S_th=0.06|k=5|R_th=0.75|gap=30,0.06,5.0,0.75,30,0,0,1994,1994,107,0,0.0,,
S_th=0.06|k=5|R_th=0.8|gap=10,0.06,5.0,0.8,10,0,0,1994,1994,107,0,0.0,,
S_th=0.06|k=5|R_th=0.8|gap=15,0.06,5.0,0.8,15,0,0,1994,1994,107,0,0.0,,
S_th=0.06|k=5|R_th=0.8|gap=20,0.06,5.0,0.8,20,0,0,1994,1994,107,0,0.0,,
S_th=0.06|k=5|R_th=0.8|gap=25,0.06,5.0,0.8,25,0,0,1994,1994,107,0,0.0,,
S_th=0.06|k=5|R_th=0.8|gap=30,0.06,5.0,0.8,30,0,0,1994,1994,107,0,0.0,,
S_th=0.08|k=0.5|R_th=0.5|gap=10,0.08,0.5,0.5,10,1569,37,425,1994,107,1623,0.7869,0.977,0.8717
S_th=0.08|k=0.5|R_th=0.5|gap=15,0.08,0.5,0.5,15,1569,37,425,1994,107,1622,0.7869,0.977,0.8717
S_th=0.08|k=0.5|R_th=0.5|gap=20,0.08,0.5,0.5,20,1562,37,432,1994,107,1613,0.7834,0.9769,0.8695
S_th=0.08|k=0.5|R_th=0.5|gap=25,0.08,0.5,0.5,25,1556,37,438,1994,107,1607,0.7803,0.9768,0.8676
S_th=0.08|k=0.5|R_th=0.5|gap=30,0.08,0.5,0.5,30,1541,37,453,1994,107,1592,0.7728,0.9766,0.8628
S_th=0.08|k=0.5|R_th=0.6|gap=10,0.08,0.5,0.6,10,1569,37,425,1994,107,1623,0.7869,0.977,0.8717
S_th=0.08|k=0.5|R_th=0.6|gap=15,0.08,0.5,0.6,15,1569,37,425,1994,107,1622,0.7869,0.977,0.8717
S_th=0.08|k=0.5|R_th=0.6|gap=20,0.08,0.5,0.6,20,1562,37,432,1994,107,1613,0.7834,0.9769,0.8695
S_th=0.08|k=0.5|R_th=0.6|gap=25,0.08,0.5,0.6,25,1556,37,438,1994,107,1607,0.7803,0.9768,0.8676
S_th=0.08|k=0.5|R_th=0.6|gap=30,0.08,0.5,0.6,30,1541,37,453,1994,107,1592,0.7728,0.9766,0.8628
S_th=0.08|k=0.5|R_th=0.7|gap=10,0.08,0.5,0.7,10,1568,37,426,1994,107,1622,0.7864,0.9769,0.8714
S_th=0.08|k=0.5|R_th=0.7|gap=15,0.08,0.5,0.7,15,1568,37,426,1994,107,1621,0.7864,0.9769,0.8714
S_th=0.08|k=0.5|R_th=0.7|gap=20,0.08,0.5,0.7,20,1561,37,433,1994,107,1612,0.7828,0.9768,0.8692
S_th=0.08|k=0.5|R_th=0.7|gap=25,0.08,0.5,0.7,25,1555,37,439,1994,107,1606,0.7798,0.9768,0.8673
S_th=0.08|k=0.5|R_th=0.7|gap=30,0.08,0.5,0.7,30,1541,37,453,1994,107,1592,0.7728,0.9766,0.8628
S_th=0.08|k=0.5|R_th=0.75|gap=10,0.08,0.5,0.75,10,1568,37,426,1994,107,1622,0.7864,0.9769,0.8714
S_th=0.08|k=0.5|R_th=0.75|gap=15,0.08,0.5,0.75,15,1568,37,426,1994,107,1621,0.7864,0.9769,0.8714
S_th=0.08|k=0.5|R_th=0.75|gap=20,0.08,0.5,0.75,20,1561,37,433,1994,107,1612,0.7828,0.9768,0.8692
S_th=0.08|k=0.5|R_th=0.75|gap=25,0.08,0.5,0.75,25,1555,37,439,1994,107,1606,0.7798,0.9768,0.8673
S_th=0.08|k=0.5|R_th=0.75|gap=30,0.08,0.5,0.75,30,1541,37,453,1994,107,1592,0.7728,0.9766,0.8628
S_th=0.08|k=0.5|R_th=0.8|gap=10,0.08,0.5,0.8,10,1568,37,426,1994,107,1622,0.7864,0.9769,0.8714
S_th=0.08|k=0.5|R_th=0.8|gap=15,0.08,0.5,0.8,15,1568,37,426,1994,107,1621,0.7864,0.9769,0.8714
S_th=0.08|k=0.5|R_th=0.8|gap=20,0.08,0.5,0.8,20,1561,37,433,1994,107,1612,0.7828,0.9768,0.8692
S_th=0.08|k=0.5|R_th=0.8|gap=25,0.08,0.5,0.8,25,1555,37,439,1994,107,1606,0.7798,0.9768,0.8673
S_th=0.08|k=0.5|R_th=0.8|gap=30,0.08,0.5,0.8,30,1541,37,453,1994,107,1592,0.7728,0.9766,0.8628
S_th=0.08|k=1|R_th=0.5|gap=10,0.08,1.0,0.5,10,1179,40,815,1994,107,1232,0.5913,0.9672,0.7339
S_th=0.08|k=1|R_th=0.5|gap=15,0.08,1.0,0.5,15,1179,40,815,1994,107,1232,0.5913,0.9672,0.7339
S_th=0.08|k=1|R_th=0.5|gap=20,0.08,1.0,0.5,20,1177,40,817,1994,107,1230,0.5903,0.9671,0.7331
S_th=0.08|k=1|R_th=0.5|gap=25,0.08,1.0,0.5,25,1174,40,820,1994,107,1227,0.5888,0.9671,0.7319
S_th=0.08|k=1|R_th=0.5|gap=30,0.08,1.0,0.5,30,1166,40,828,1994,107,1219,0.5848,0.9668,0.7287
S_th=0.08|k=1|R_th=0.6|gap=10,0.08,1.0,0.6,10,1179,40,815,1994,107,1232,0.5913,0.9672,0.7339
S_th=0.08|k=1|R_th=0.6|gap=15,0.08,1.0,0.6,15,1179,40,815,1994,107,1232,0.5913,0.9672,0.7339
S_th=0.08|k=1|R_th=0.6|gap=20,0.08,1.0,0.6,20,1177,40,817,1994,107,1230,0.5903,0.9671,0.7331
S_th=0.08|k=1|R_th=0.6|gap=25,0.08,1.0,0.6,25,1174,40,820,1994,107,1227,0.5888,0.9671,0.7319
S_th=0.08|k=1|R_th=0.6|gap=30,0.08,1.0,0.6,30,1166,40,828,1994,107,1219,0.5848,0.9668,0.7287
S_th=0.08|k=1|R_th=0.7|gap=10,0.08,1.0,0.7,10,1179,40,815,1994,107,1232,0.5913,0.9672,0.7339
S_th=0.08|k=1|R_th=0.7|gap=15,0.08,1.0,0.7,15,1179,40,815,1994,107,1232,0.5913,0.9672,0.7339
S_th=0.08|k=1|R_th=0.7|gap=20,0.08,1.0,0.7,20,1177,40,817,1994,107,1230,0.5903,0.9671,0.7331
S_th=0.08|k=1|R_th=0.7|gap=25,0.08,1.0,0.7,25,1174,40,820,1994,107,1227,0.5888,0.9671,0.7319
S_th=0.08|k=1|R_th=0.7|gap=30,0.08,1.0,0.7,30,1166,40,828,1994,107,1219,0.5848,0.9668,0.7287
S_th=0.08|k=1|R_th=0.75|gap=10,0.08,1.0,0.75,10,1179,40,815,1994,107,1232,0.5913,0.9672,0.7339
S_th=0.08|k=1|R_th=0.75|gap=15,0.08,1.0,0.75,15,1179,40,815,1994,107,1232,0.5913,0.9672,0.7339
S_th=0.08|k=1|R_th=0.75|gap=20,0.08,1.0,0.75,20,1177,40,817,1994,107,1230,0.5903,0.9671,0.7331
S_th=0.08|k=1|R_th=0.75|gap=25,0.08,1.0,0.75,25,1174,40,820,1994,107,1227,0.5888,0.9671,0.7319
S_th=0.08|k=1|R_th=0.75|gap=30,0.08,1.0,0.75,30,1166,40,828,1994,107,1219,0.5848,0.9668,0.7287
S_th=0.08|k=1|R_th=0.8|gap=10,0.08,1.0,0.8,10,1179,40,815,1994,107,1232,0.5913,0.9672,0.7339
S_th=0.08|k=1|R_th=0.8|gap=15,0.08,1.0,0.8,15,1179,40,815,1994,107,1232,0.5913,0.9672,0.7339
S_th=0.08|k=1|R_th=0.8|gap=20,0.08,1.0,0.8,20,1177,40,817,1994,107,1230,0.5903,0.9671,0.7331
S_th=0.08|k=1|R_th=0.8|gap=25,0.08,1.0,0.8,25,1174,40,820,1994,107,1227,0.5888,0.9671,0.7319
S_th=0.08|k=1|R_th=0.8|gap=30,0.08,1.0,0.8,30,1166,40,828,1994,107,1219,0.5848,0.9668,0.7287
S_th=0.08|k=2|R_th=0.5|gap=10,0.08,2.0,0.5,10,136,4,1858,1994,107,148,0.0682,0.9714,0.1275
S_th=0.08|k=2|R_th=0.5|gap=15,0.08,2.0,0.5,15,136,4,1858,1994,107,148,0.0682,0.9714,0.1275
S_th=0.08|k=2|R_th=0.5|gap=20,0.08,2.0,0.5,20,136,4,1858,1994,107,148,0.0682,0.9714,0.1275
S_th=0.08|k=2|R_th=0.5|gap=25,0.08,2.0,0.5,25,136,4,1858,1994,107,148,0.0682,0.9714,0.1275
S_th=0.08|k=2|R_th=0.5|gap=30,0.08,2.0,0.5,30,136,4,1858,1994,107,148,0.0682,0.9714,0.1275
S_th=0.08|k=2|R_th=0.6|gap=10,0.08,2.0,0.6,10,136,4,1858,1994,107,148,0.0682,0.9714,0.1275
S_th=0.08|k=2|R_th=0.6|gap=15,0.08,2.0,0.6,15,136,4,1858,1994,107,148,0.0682,0.9714,0.1275
S_th=0.08|k=2|R_th=0.6|gap=20,0.08,2.0,0.6,20,136,4,1858,1994,107,148,0.0682,0.9714,0.1275
S_th=0.08|k=2|R_th=0.6|gap=25,0.08,2.0,0.6,25,136,4,1858,1994,107,148,0.0682,0.9714,0.1275
S_th=0.08|k=2|R_th=0.6|gap=30,0.08,2.0,0.6,30,136,4,1858,1994,107,148,0.0682,0.9714,0.1275
S_th=0.08|k=2|R_th=0.7|gap=10,0.08,2.0,0.7,10,136,4,1858,1994,107,148,0.0682,0.9714,0.1275
S_th=0.08|k=2|R_th=0.7|gap=15,0.08,2.0,0.7,15,136,4,1858,1994,107,148,0.0682,0.9714,0.1275
S_th=0.08|k=2|R_th=0.7|gap=20,0.08,2.0,0.7,20,136,4,1858,1994,107,148,0.0682,0.9714,0.1275
S_th=0.08|k=2|R_th=0.7|gap=25,0.08,2.0,0.7,25,136,4,1858,1994,107,148,0.0682,0.9714,0.1275
S_th=0.08|k=2|R_th=0.7|gap=30,0.08,2.0,0.7,30,136,4,1858,1994,107,148,0.0682,0.9714,0.1275
S_th=0.08|k=2|R_th=0.75|gap=10,0.08,2.0,0.75,10,136,4,1858,1994,107,148,0.0682,0.9714,0.1275
S_th=0.08|k=2|R_th=0.75|gap=15,0.08,2.0,0.75,15,136,4,1858,1994,107,148,0.0682,0.9714,0.1275
S_th=0.08|k=2|R_th=0.75|gap=20,0.08,2.0,0.75,20,136,4,1858,1994,107,148,0.0682,0.9714,0.1275
S_th=0.08|k=2|R_th=0.75|gap=25,0.08,2.0,0.75,25,136,4,1858,1994,107,148,0.0682,0.9714,0.1275
S_th=0.08|k=2|R_th=0.75|gap=30,0.08,2.0,0.75,30,136,4,1858,1994,107,148,0.0682,0.9714,0.1275
S_th=0.08|k=2|R_th=0.8|gap=10,0.08,2.0,0.8,10,136,4,1858,1994,107,148,0.0682,0.9714,0.1275
S_th=0.08|k=2|R_th=0.8|gap=15,0.08,2.0,0.8,15,136,4,1858,1994,107,148,0.0682,0.9714,0.1275
S_th=0.08|k=2|R_th=0.8|gap=20,0.08,2.0,0.8,20,136,4,1858,1994,107,148,0.0682,0.9714,0.1275
S_th=0.08|k=2|R_th=0.8|gap=25,0.08,2.0,0.8,25,136,4,1858,1994,107,148,0.0682,0.9714,0.1275
S_th=0.08|k=2|R_th=0.8|gap=30,0.08,2.0,0.8,30,136,4,1858,1994,107,148,0.0682,0.9714,0.1275
S_th=0.08|k=3|R_th=0.5|gap=10,0.08,3.0,0.5,10,3,0,1991,1994,107,4,0.0015,1.0,0.003
S_th=0.08|k=3|R_th=0.5|gap=15,0.08,3.0,0.5,15,3,0,1991,1994,107,4,0.0015,1.0,0.003
S_th=0.08|k=3|R_th=0.5|gap=20,0.08,3.0,0.5,20,3,0,1991,1994,107,4,0.0015,1.0,0.003
S_th=0.08|k=3|R_th=0.5|gap=25,0.08,3.0,0.5,25,3,0,1991,1994,107,4,0.0015,1.0,0.003
S_th=0.08|k=3|R_th=0.5|gap=30,0.08,3.0,0.5,30,3,0,1991,1994,107,4,0.0015,1.0,0.003
S_th=0.08|k=3|R_th=0.6|gap=10,0.08,3.0,0.6,10,3,0,1991,1994,107,4,0.0015,1.0,0.003
S_th=0.08|k=3|R_th=0.6|gap=15,0.08,3.0,0.6,15,3,0,1991,1994,107,4,0.0015,1.0,0.003
S_th=0.08|k=3|R_th=0.6|gap=20,0.08,3.0,0.6,20,3,0,1991,1994,107,4,0.0015,1.0,0.003
S_th=0.08|k=3|R_th=0.6|gap=25,0.08,3.0,0.6,25,3,0,1991,1994,107,4,0.0015,1.0,0.003
S_th=0.08|k=3|R_th=0.6|gap=30,0.08,3.0,0.6,30,3,0,1991,1994,107,4,0.0015,1.0,0.003
S_th=0.08|k=3|R_th=0.7|gap=10,0.08,3.0,0.7,10,3,0,1991,1994,107,4,0.0015,1.0,0.003
S_th=0.08|k=3|R_th=0.7|gap=15,0.08,3.0,0.7,15,3,0,1991,1994,107,4,0.0015,1.0,0.003
S_th=0.08|k=3|R_th=0.7|gap=20,0.08,3.0,0.7,20,3,0,1991,1994,107,4,0.0015,1.0,0.003
S_th=0.08|k=3|R_th=0.7|gap=25,0.08,3.0,0.7,25,3,0,1991,1994,107,4,0.0015,1.0,0.003
S_th=0.08|k=3|R_th=0.7|gap=30,0.08,3.0,0.7,30,3,0,1991,1994,107,4,0.0015,1.0,0.003
S_th=0.08|k=3|R_th=0.75|gap=10,0.08,3.0,0.75,10,3,0,1991,1994,107,4,0.0015,1.0,0.003
S_th=0.08|k=3|R_th=0.75|gap=15,0.08,3.0,0.75,15,3,0,1991,1994,107,4,0.0015,1.0,0.003
S_th=0.08|k=3|R_th=0.75|gap=20,0.08,3.0,0.75,20,3,0,1991,1994,107,4,0.0015,1.0,0.003
S_th=0.08|k=3|R_th=0.75|gap=25,0.08,3.0,0.75,25,3,0,1991,1994,107,4,0.0015,1.0,0.003
S_th=0.08|k=3|R_th=0.75|gap=30,0.08,3.0,0.75,30,3,0,1991,1994,107,4,0.0015,1.0,0.003
S_th=0.08|k=3|R_th=0.8|gap=10,0.08,3.0,0.8,10,3,0,1991,1994,107,4,0.0015,1.0,0.003
S_th=0.08|k=3|R_th=0.8|gap=15,0.08,3.0,0.8,15,3,0,1991,1994,107,4,0.0015,1.0,0.003
S_th=0.08|k=3|R_th=0.8|gap=20,0.08,3.0,0.8,20,3,0,1991,1994,107,4,0.0015,1.0,0.003
S_th=0.08|k=3|R_th=0.8|gap=25,0.08,3.0,0.8,25,3,0,1991,1994,107,4,0.0015,1.0,0.003
S_th=0.08|k=3|R_th=0.8|gap=30,0.08,3.0,0.8,30,3,0,1991,1994,107,4,0.0015,1.0,0.003
S_th=0.08|k=5|R_th=0.5|gap=10,0.08,5.0,0.5,10,0,0,1994,1994,107,0,0.0,,
S_th=0.08|k=5|R_th=0.5|gap=15,0.08,5.0,0.5,15,0,0,1994,1994,107,0,0.0,,
S_th=0.08|k=5|R_th=0.5|gap=20,0.08,5.0,0.5,20,0,0,1994,1994,107,0,0.0,,
S_th=0.08|k=5|R_th=0.5|gap=25,0.08,5.0,0.5,25,0,0,1994,1994,107,0,0.0,,
S_th=0.08|k=5|R_th=0.5|gap=30,0.08,5.0,0.5,30,0,0,1994,1994,107,0,0.0,,
S_th=0.08|k=5|R_th=0.6|gap=10,0.08,5.0,0.6,10,0,0,1994,1994,107,0,0.0,,
S_th=0.08|k=5|R_th=0.6|gap=15,0.08,5.0,0.6,15,0,0,1994,1994,107,0,0.0,,
S_th=0.08|k=5|R_th=0.6|gap=20,0.08,5.0,0.6,20,0,0,1994,1994,107,0,0.0,,
S_th=0.08|k=5|R_th=0.6|gap=25,0.08,5.0,0.6,25,0,0,1994,1994,107,0,0.0,,
S_th=0.08|k=5|R_th=0.6|gap=30,0.08,5.0,0.6,30,0,0,1994,1994,107,0,0.0,,
S_th=0.08|k=5|R_th=0.7|gap=10,0.08,5.0,0.7,10,0,0,1994,1994,107,0,0.0,,
S_th=0.08|k=5|R_th=0.7|gap=15,0.08,5.0,0.7,15,0,0,1994,1994,107,0,0.0,,
S_th=0.08|k=5|R_th=0.7|gap=20,0.08,5.0,0.7,20,0,0,1994,1994,107,0,0.0,,
S_th=0.08|k=5|R_th=0.7|gap=25,0.08,5.0,0.7,25,0,0,1994,1994,107,0,0.0,,
S_th=0.08|k=5|R_th=0.7|gap=30,0.08,5.0,0.7,30,0,0,1994,1994,107,0,0.0,,
S_th=0.08|k=5|R_th=0.75|gap=10,0.08,5.0,0.75,10,0,0,1994,1994,107,0,0.0,,
S_th=0.08|k=5|R_th=0.75|gap=15,0.08,5.0,0.75,15,0,0,1994,1994,107,0,0.0,,
S_th=0.08|k=5|R_th=0.75|gap=20,0.08,5.0,0.75,20,0,0,1994,1994,107,0,0.0,,
S_th=0.08|k=5|R_th=0.75|gap=25,0.08,5.0,0.75,25,0,0,1994,1994,107,0,0.0,,
S_th=0.08|k=5|R_th=0.75|gap=30,0.08,5.0,0.75,30,0,0,1994,1994,107,0,0.0,,
S_th=0.08|k=5|R_th=0.8|gap=10,0.08,5.0,0.8,10,0,0,1994,1994,107,0,0.0,,
S_th=0.08|k=5|R_th=0.8|gap=15,0.08,5.0,0.8,15,0,0,1994,1994,107,0,0.0,,
S_th=0.08|k=5|R_th=0.8|gap=20,0.08,5.0,0.8,20,0,0,1994,1994,107,0,0.0,,
S_th=0.08|k=5|R_th=0.8|gap=25,0.08,5.0,0.8,25,0,0,1994,1994,107,0,0.0,,
S_th=0.08|k=5|R_th=0.8|gap=30,0.08,5.0,0.8,30,0,0,1994,1994,107,0,0.0,,
S_th=0.1|k=0.5|R_th=0.5|gap=10,0.1,0.5,0.5,10,1527,36,467,1994,107,1578,0.7658,0.977,0.8586
S_th=0.1|k=0.5|R_th=0.5|gap=15,0.1,0.5,0.5,15,1526,36,468,1994,107,1577,0.7653,0.977,0.8583
S_th=0.1|k=0.5|R_th=0.5|gap=20,0.1,0.5,0.5,20,1520,36,474,1994,107,1570,0.7623,0.9769,0.8563
S_th=0.1|k=0.5|R_th=0.5|gap=25,0.1,0.5,0.5,25,1514,36,480,1994,107,1564,0.7593,0.9768,0.8544
S_th=0.1|k=0.5|R_th=0.5|gap=30,0.1,0.5,0.5,30,1504,36,490,1994,107,1554,0.7543,0.9766,0.8512
S_th=0.1|k=0.5|R_th=0.6|gap=10,0.1,0.5,0.6,10,1527,36,467,1994,107,1578,0.7658,0.977,0.8586
S_th=0.1|k=0.5|R_th=0.6|gap=15,0.1,0.5,0.6,15,1526,36,468,1994,107,1577,0.7653,0.977,0.8583
S_th=0.1|k=0.5|R_th=0.6|gap=20,0.1,0.5,0.6,20,1520,36,474,1994,107,1570,0.7623,0.9769,0.8563
S_th=0.1|k=0.5|R_th=0.6|gap=25,0.1,0.5,0.6,25,1514,36,480,1994,107,1564,0.7593,0.9768,0.8544
S_th=0.1|k=0.5|R_th=0.6|gap=30,0.1,0.5,0.6,30,1504,36,490,1994,107,1554,0.7543,0.9766,0.8512
S_th=0.1|k=0.5|R_th=0.7|gap=10,0.1,0.5,0.7,10,1526,36,468,1994,107,1577,0.7653,0.977,0.8583
S_th=0.1|k=0.5|R_th=0.7|gap=15,0.1,0.5,0.7,15,1525,36,469,1994,107,1576,0.7648,0.9769,0.8579
S_th=0.1|k=0.5|R_th=0.7|gap=20,0.1,0.5,0.7,20,1519,36,475,1994,107,1569,0.7618,0.9768,0.856
S_th=0.1|k=0.5|R_th=0.7|gap=25,0.1,0.5,0.7,25,1513,36,481,1994,107,1563,0.7588,0.9768,0.8541
S_th=0.1|k=0.5|R_th=0.7|gap=30,0.1,0.5,0.7,30,1504,36,490,1994,107,1554,0.7543,0.9766,0.8512
S_th=0.1|k=0.5|R_th=0.75|gap=10,0.1,0.5,0.75,10,1526,36,468,1994,107,1577,0.7653,0.977,0.8583
S_th=0.1|k=0.5|R_th=0.75|gap=15,0.1,0.5,0.75,15,1525,36,469,1994,107,1576,0.7648,0.9769,0.8579
S_th=0.1|k=0.5|R_th=0.75|gap=20,0.1,0.5,0.75,20,1519,36,475,1994,107,1569,0.7618,0.9768,0.856
S_th=0.1|k=0.5|R_th=0.75|gap=25,0.1,0.5,0.75,25,1513,36,481,1994,107,1563,0.7588,0.9768,0.8541
S_th=0.1|k=0.5|R_th=0.75|gap=30,0.1,0.5,0.75,30,1504,36,490,1994,107,1554,0.7543,0.9766,0.8512
S_th=0.1|k=0.5|R_th=0.8|gap=10,0.1,0.5,0.8,10,1526,36,468,1994,107,1577,0.7653,0.977,0.8583
S_th=0.1|k=0.5|R_th=0.8|gap=15,0.1,0.5,0.8,15,1525,36,469,1994,107,1576,0.7648,0.9769,0.8579
S_th=0.1|k=0.5|R_th=0.8|gap=20,0.1,0.5,0.8,20,1519,36,475,1994,107,1569,0.7618,0.9768,0.856
S_th=0.1|k=0.5|R_th=0.8|gap=25,0.1,0.5,0.8,25,1513,36,481,1994,107,1563,0.7588,0.9768,0.8541
S_th=0.1|k=0.5|R_th=0.8|gap=30,0.1,0.5,0.8,30,1504,36,490,1994,107,1554,0.7543,0.9766,0.8512
S_th=0.1|k=1|R_th=0.5|gap=10,0.1,1.0,0.5,10,1110,39,884,1994,107,1161,0.5567,0.9661,0.7063
S_th=0.1|k=1|R_th=0.5|gap=15,0.1,1.0,0.5,15,1110,39,884,1994,107,1161,0.5567,0.9661,0.7063
S_th=0.1|k=1|R_th=0.5|gap=20,0.1,1.0,0.5,20,1109,39,885,1994,107,1160,0.5562,0.966,0.7059
S_th=0.1|k=1|R_th=0.5|gap=25,0.1,1.0,0.5,25,1106,39,888,1994,107,1157,0.5547,0.9659,0.7047
S_th=0.1|k=1|R_th=0.5|gap=30,0.1,1.0,0.5,30,1100,39,894,1994,107,1151,0.5517,0.9658,0.7022
S_th=0.1|k=1|R_th=0.6|gap=10,0.1,1.0,0.6,10,1110,39,884,1994,107,1161,0.5567,0.9661,0.7063
S_th=0.1|k=1|R_th=0.6|gap=15,0.1,1.0,0.6,15,1110,39,884,1994,107,1161,0.5567,0.9661,0.7063
S_th=0.1|k=1|R_th=0.6|gap=20,0.1,1.0,0.6,20,1109,39,885,1994,107,1160,0.5562,0.966,0.7059
S_th=0.1|k=1|R_th=0.6|gap=25,0.1,1.0,0.6,25,1106,39,888,1994,107,1157,0.5547,0.9659,0.7047
S_th=0.1|k=1|R_th=0.6|gap=30,0.1,1.0,0.6,30,1100,39,894,1994,107,1151,0.5517,0.9658,0.7022
S_th=0.1|k=1|R_th=0.7|gap=10,0.1,1.0,0.7,10,1110,39,884,1994,107,1161,0.5567,0.9661,0.7063
S_th=0.1|k=1|R_th=0.7|gap=15,0.1,1.0,0.7,15,1110,39,884,1994,107,1161,0.5567,0.9661,0.7063
S_th=0.1|k=1|R_th=0.7|gap=20,0.1,1.0,0.7,20,1109,39,885,1994,107,1160,0.5562,0.966,0.7059
S_th=0.1|k=1|R_th=0.7|gap=25,0.1,1.0,0.7,25,1106,39,888,1994,107,1157,0.5547,0.9659,0.7047
S_th=0.1|k=1|R_th=0.7|gap=30,0.1,1.0,0.7,30,1100,39,894,1994,107,1151,0.5517,0.9658,0.7022
S_th=0.1|k=1|R_th=0.75|gap=10,0.1,1.0,0.75,10,1110,39,884,1994,107,1161,0.5567,0.9661,0.7063
S_th=0.1|k=1|R_th=0.75|gap=15,0.1,1.0,0.75,15,1110,39,884,1994,107,1161,0.5567,0.9661,0.7063
S_th=0.1|k=1|R_th=0.75|gap=20,0.1,1.0,0.75,20,1109,39,885,1994,107,1160,0.5562,0.966,0.7059
S_th=0.1|k=1|R_th=0.75|gap=25,0.1,1.0,0.75,25,1106,39,888,1994,107,1157,0.5547,0.9659,0.7047
S_th=0.1|k=1|R_th=0.75|gap=30,0.1,1.0,0.75,30,1100,39,894,1994,107,1151,0.5517,0.9658,0.7022
S_th=0.1|k=1|R_th=0.8|gap=10,0.1,1.0,0.8,10,1110,39,884,1994,107,1161,0.5567,0.9661,0.7063
S_th=0.1|k=1|R_th=0.8|gap=15,0.1,1.0,0.8,15,1110,39,884,1994,107,1161,0.5567,0.9661,0.7063
S_th=0.1|k=1|R_th=0.8|gap=20,0.1,1.0,0.8,20,1109,39,885,1994,107,1160,0.5562,0.966,0.7059
S_th=0.1|k=1|R_th=0.8|gap=25,0.1,1.0,0.8,25,1106,39,888,1994,107,1157,0.5547,0.9659,0.7047
S_th=0.1|k=1|R_th=0.8|gap=30,0.1,1.0,0.8,30,1100,39,894,1994,107,1151,0.5517,0.9658,0.7022
S_th=0.1|k=2|R_th=0.5|gap=10,0.1,2.0,0.5,10,123,4,1871,1994,107,135,0.0617,0.9685,0.116
S_th=0.1|k=2|R_th=0.5|gap=15,0.1,2.0,0.5,15,123,4,1871,1994,107,135,0.0617,0.9685,0.116
S_th=0.1|k=2|R_th=0.5|gap=20,0.1,2.0,0.5,20,123,4,1871,1994,107,135,0.0617,0.9685,0.116
S_th=0.1|k=2|R_th=0.5|gap=25,0.1,2.0,0.5,25,123,4,1871,1994,107,135,0.0617,0.9685,0.116
S_th=0.1|k=2|R_th=0.5|gap=30,0.1,2.0,0.5,30,123,4,1871,1994,107,135,0.0617,0.9685,0.116
S_th=0.1|k=2|R_th=0.6|gap=10,0.1,2.0,0.6,10,123,4,1871,1994,107,135,0.0617,0.9685,0.116
S_th=0.1|k=2|R_th=0.6|gap=15,0.1,2.0,0.6,15,123,4,1871,1994,107,135,0.0617,0.9685,0.116
S_th=0.1|k=2|R_th=0.6|gap=20,0.1,2.0,0.6,20,123,4,1871,1994,107,135,0.0617,0.9685,0.116
S_th=0.1|k=2|R_th=0.6|gap=25,0.1,2.0,0.6,25,123,4,1871,1994,107,135,0.0617,0.9685,0.116
S_th=0.1|k=2|R_th=0.6|gap=30,0.1,2.0,0.6,30,123,4,1871,1994,107,135,0.0617,0.9685,0.116
S_th=0.1|k=2|R_th=0.7|gap=10,0.1,2.0,0.7,10,123,4,1871,1994,107,135,0.0617,0.9685,0.116
S_th=0.1|k=2|R_th=0.7|gap=15,0.1,2.0,0.7,15,123,4,1871,1994,107,135,0.0617,0.9685,0.116
S_th=0.1|k=2|R_th=0.7|gap=20,0.1,2.0,0.7,20,123,4,1871,1994,107,135,0.0617,0.9685,0.116
S_th=0.1|k=2|R_th=0.7|gap=25,0.1,2.0,0.7,25,123,4,1871,1994,107,135,0.0617,0.9685,0.116
S_th=0.1|k=2|R_th=0.7|gap=30,0.1,2.0,0.7,30,123,4,1871,1994,107,135,0.0617,0.9685,0.116
S_th=0.1|k=2|R_th=0.75|gap=10,0.1,2.0,0.75,10,123,4,1871,1994,107,135,0.0617,0.9685,0.116
S_th=0.1|k=2|R_th=0.75|gap=15,0.1,2.0,0.75,15,123,4,1871,1994,107,135,0.0617,0.9685,0.116
S_th=0.1|k=2|R_th=0.75|gap=20,0.1,2.0,0.75,20,123,4,1871,1994,107,135,0.0617,0.9685,0.116
S_th=0.1|k=2|R_th=0.75|gap=25,0.1,2.0,0.75,25,123,4,1871,1994,107,135,0.0617,0.9685,0.116
S_th=0.1|k=2|R_th=0.75|gap=30,0.1,2.0,0.75,30,123,4,1871,1994,107,135,0.0617,0.9685,0.116
S_th=0.1|k=2|R_th=0.8|gap=10,0.1,2.0,0.8,10,123,4,1871,1994,107,135,0.0617,0.9685,0.116
S_th=0.1|k=2|R_th=0.8|gap=15,0.1,2.0,0.8,15,123,4,1871,1994,107,135,0.0617,0.9685,0.116
S_th=0.1|k=2|R_th=0.8|gap=20,0.1,2.0,0.8,20,123,4,1871,1994,107,135,0.0617,0.9685,0.116
S_th=0.1|k=2|R_th=0.8|gap=25,0.1,2.0,0.8,25,123,4,1871,1994,107,135,0.0617,0.9685,0.116
S_th=0.1|k=2|R_th=0.8|gap=30,0.1,2.0,0.8,30,123,4,1871,1994,107,135,0.0617,0.9685,0.116
S_th=0.1|k=3|R_th=0.5|gap=10,0.1,3.0,0.5,10,3,0,1991,1994,107,4,0.0015,1.0,0.003
S_th=0.1|k=3|R_th=0.5|gap=15,0.1,3.0,0.5,15,3,0,1991,1994,107,4,0.0015,1.0,0.003
S_th=0.1|k=3|R_th=0.5|gap=20,0.1,3.0,0.5,20,3,0,1991,1994,107,4,0.0015,1.0,0.003
S_th=0.1|k=3|R_th=0.5|gap=25,0.1,3.0,0.5,25,3,0,1991,1994,107,4,0.0015,1.0,0.003
S_th=0.1|k=3|R_th=0.5|gap=30,0.1,3.0,0.5,30,3,0,1991,1994,107,4,0.0015,1.0,0.003
S_th=0.1|k=3|R_th=0.6|gap=10,0.1,3.0,0.6,10,3,0,1991,1994,107,4,0.0015,1.0,0.003
S_th=0.1|k=3|R_th=0.6|gap=15,0.1,3.0,0.6,15,3,0,1991,1994,107,4,0.0015,1.0,0.003
S_th=0.1|k=3|R_th=0.6|gap=20,0.1,3.0,0.6,20,3,0,1991,1994,107,4,0.0015,1.0,0.003
S_th=0.1|k=3|R_th=0.6|gap=25,0.1,3.0,0.6,25,3,0,1991,1994,107,4,0.0015,1.0,0.003
S_th=0.1|k=3|R_th=0.6|gap=30,0.1,3.0,0.6,30,3,0,1991,1994,107,4,0.0015,1.0,0.003
S_th=0.1|k=3|R_th=0.7|gap=10,0.1,3.0,0.7,10,3,0,1991,1994,107,4,0.0015,1.0,0.003
S_th=0.1|k=3|R_th=0.7|gap=15,0.1,3.0,0.7,15,3,0,1991,1994,107,4,0.0015,1.0,0.003
S_th=0.1|k=3|R_th=0.7|gap=20,0.1,3.0,0.7,20,3,0,1991,1994,107,4,0.0015,1.0,0.003
S_th=0.1|k=3|R_th=0.7|gap=25,0.1,3.0,0.7,25,3,0,1991,1994,107,4,0.0015,1.0,0.003
S_th=0.1|k=3|R_th=0.7|gap=30,0.1,3.0,0.7,30,3,0,1991,1994,107,4,0.0015,1.0,0.003
S_th=0.1|k=3|R_th=0.75|gap=10,0.1,3.0,0.75,10,3,0,1991,1994,107,4,0.0015,1.0,0.003
S_th=0.1|k=3|R_th=0.75|gap=15,0.1,3.0,0.75,15,3,0,1991,1994,107,4,0.0015,1.0,0.003
S_th=0.1|k=3|R_th=0.75|gap=20,0.1,3.0,0.75,20,3,0,1991,1994,107,4,0.0015,1.0,0.003
S_th=0.1|k=3|R_th=0.75|gap=25,0.1,3.0,0.75,25,3,0,1991,1994,107,4,0.0015,1.0,0.003
S_th=0.1|k=3|R_th=0.75|gap=30,0.1,3.0,0.75,30,3,0,1991,1994,107,4,0.0015,1.0,0.003
S_th=0.1|k=3|R_th=0.8|gap=10,0.1,3.0,0.8,10,3,0,1991,1994,107,4,0.0015,1.0,0.003
S_th=0.1|k=3|R_th=0.8|gap=15,0.1,3.0,0.8,15,3,0,1991,1994,107,4,0.0015,1.0,0.003
S_th=0.1|k=3|R_th=0.8|gap=20,0.1,3.0,0.8,20,3,0,1991,1994,107,4,0.0015,1.0,0.003
S_th=0.1|k=3|R_th=0.8|gap=25,0.1,3.0,0.8,25,3,0,1991,1994,107,4,0.0015,1.0,0.003
S_th=0.1|k=3|R_th=0.8|gap=30,0.1,3.0,0.8,30,3,0,1991,1994,107,4,0.0015,1.0,0.003
S_th=0.1|k=5|R_th=0.5|gap=10,0.1,5.0,0.5,10,0,0,1994,1994,107,0,0.0,,
S_th=0.1|k=5|R_th=0.5|gap=15,0.1,5.0,0.5,15,0,0,1994,1994,107,0,0.0,,
S_th=0.1|k=5|R_th=0.5|gap=20,0.1,5.0,0.5,20,0,0,1994,1994,107,0,0.0,,
S_th=0.1|k=5|R_th=0.5|gap=25,0.1,5.0,0.5,25,0,0,1994,1994,107,0,0.0,,
S_th=0.1|k=5|R_th=0.5|gap=30,0.1,5.0,0.5,30,0,0,1994,1994,107,0,0.0,,
S_th=0.1|k=5|R_th=0.6|gap=10,0.1,5.0,0.6,10,0,0,1994,1994,107,0,0.0,,
S_th=0.1|k=5|R_th=0.6|gap=15,0.1,5.0,0.6,15,0,0,1994,1994,107,0,0.0,,
S_th=0.1|k=5|R_th=0.6|gap=20,0.1,5.0,0.6,20,0,0,1994,1994,107,0,0.0,,
S_th=0.1|k=5|R_th=0.6|gap=25,0.1,5.0,0.6,25,0,0,1994,1994,107,0,0.0,,
S_th=0.1|k=5|R_th=0.6|gap=30,0.1,5.0,0.6,30,0,0,1994,1994,107,0,0.0,,
S_th=0.1|k=5|R_th=0.7|gap=10,0.1,5.0,0.7,10,0,0,1994,1994,107,0,0.0,,
S_th=0.1|k=5|R_th=0.7|gap=15,0.1,5.0,0.7,15,0,0,1994,1994,107,0,0.0,,
S_th=0.1|k=5|R_th=0.7|gap=20,0.1,5.0,0.7,20,0,0,1994,1994,107,0,0.0,,
S_th=0.1|k=5|R_th=0.7|gap=25,0.1,5.0,0.7,25,0,0,1994,1994,107,0,0.0,,
S_th=0.1|k=5|R_th=0.7|gap=30,0.1,5.0,0.7,30,0,0,1994,1994,107,0,0.0,,
S_th=0.1|k=5|R_th=0.75|gap=10,0.1,5.0,0.75,10,0,0,1994,1994,107,0,0.0,,
S_th=0.1|k=5|R_th=0.75|gap=15,0.1,5.0,0.75,15,0,0,1994,1994,107,0,0.0,,
S_th=0.1|k=5|R_th=0.75|gap=20,0.1,5.0,0.75,20,0,0,1994,1994,107,0,0.0,,
S_th=0.1|k=5|R_th=0.75|gap=25,0.1,5.0,0.75,25,0,0,1994,1994,107,0,0.0,,
S_th=0.1|k=5|R_th=0.75|gap=30,0.1,5.0,0.75,30,0,0,1994,1994,107,0,0.0,,
S_th=0.1|k=5|R_th=0.8|gap=10,0.1,5.0,0.8,10,0,0,1994,1994,107,0,0.0,,
S_th=0.1|k=5|R_th=0.8|gap=15,0.1,5.0,0.8,15,0,0,1994,1994,107,0,0.0,,
S_th=0.1|k=5|R_th=0.8|gap=20,0.1,5.0,0.8,20,0,0,1994,1994,107,0,0.0,,
S_th=0.1|k=5|R_th=0.8|gap=25,0.1,5.0,0.8,25,0,0,1994,1994,107,0,0.0,,
S_th=0.1|k=5|R_th=0.8|gap=30,0.1,5.0,0.8,30,0,0,1994,1994,107,0,0.0,,
S_th=0.12|k=0.5|R_th=0.5|gap=10,0.12,0.5,0.5,10,1467,35,527,1994,107,1519,0.7357,0.9767,0.8392
S_th=0.12|k=0.5|R_th=0.5|gap=15,0.12,0.5,0.5,15,1467,35,527,1994,107,1516,0.7357,0.9767,0.8392
S_th=0.12|k=0.5|R_th=0.5|gap=20,0.12,0.5,0.5,20,1463,35,531,1994,107,1511,0.7337,0.9766,0.8379
S_th=0.12|k=0.5|R_th=0.5|gap=25,0.12,0.5,0.5,25,1458,35,536,1994,107,1506,0.7312,0.9766,0.8362
S_th=0.12|k=0.5|R_th=0.5|gap=30,0.12,0.5,0.5,30,1451,35,543,1994,107,1499,0.7277,0.9764,0.8339
S_th=0.12|k=0.5|R_th=0.6|gap=10,0.12,0.5,0.6,10,1466,35,528,1994,107,1518,0.7352,0.9767,0.8389
S_th=0.12|k=0.5|R_th=0.6|gap=15,0.12,0.5,0.6,15,1466,35,528,1994,107,1515,0.7352,0.9767,0.8389
S_th=0.12|k=0.5|R_th=0.6|gap=20,0.12,0.5,0.6,20,1462,35,532,1994,107,1510,0.7332,0.9766,0.8376
S_th=0.12|k=0.5|R_th=0.6|gap=25,0.12,0.5,0.6,25,1457,35,537,1994,107,1505,0.7307,0.9765,0.8359
S_th=0.12|k=0.5|R_th=0.6|gap=30,0.12,0.5,0.6,30,1450,35,544,1994,107,1498,0.7272,0.9764,0.8336
S_th=0.12|k=0.5|R_th=0.7|gap=10,0.12,0.5,0.7,10,1464,35,530,1994,107,1516,0.7342,0.9767,0.8382
S_th=0.12|k=0.5|R_th=0.7|gap=15,0.12,0.5,0.7,15,1464,35,530,1994,107,1513,0.7342,0.9767,0.8382
S_th=0.12|k=0.5|R_th=0.7|gap=20,0.12,0.5,0.7,20,1460,35,534,1994,107,1508,0.7322,0.9766,0.8369
S_th=0.12|k=0.5|R_th=0.7|gap=25,0.12,0.5,0.7,25,1455,35,539,1994,107,1503,0.7297,0.9765,0.8352
S_th=0.12|k=0.5|R_th=0.7|gap=30,0.12,0.5,0.7,30,1449,35,545,1994,107,1497,0.7267,0.9764,0.8332
S_th=0.12|k=0.5|R_th=0.75|gap=10,0.12,0.5,0.75,10,1464,35,530,1994,107,1516,0.7342,0.9767,0.8382
S_th=0.12|k=0.5|R_th=0.75|gap=15,0.12,0.5,0.75,15,1464,35,530,1994,107,1513,0.7342,0.9767,0.8382
S_th=0.12|k=0.5|R_th=0.75|gap=20,0.12,0.5,0.75,20,1460,35,534,1994,107,1508,0.7322,0.9766,0.8369
S_th=0.12|k=0.5|R_th=0.75|gap=25,0.12,0.5,0.75,25,1455,35,539,1994,107,1503,0.7297,0.9765,0.8352
S_th=0.12|k=0.5|R_th=0.75|gap=30,0.12,0.5,0.75,30,1449,35,545,1994,107,1497,0.7267,0.9764,0.8332
S_th=0.12|k=0.5|R_th=0.8|gap=10,0.12,0.5,0.8,10,1464,35,530,1994,107,1516,0.7342,0.9767,0.8382
S_th=0.12|k=0.5|R_th=0.8|gap=15,0.12,0.5,0.8,15,1464,35,530,1994,107,1513,0.7342,0.9767,0.8382
S_th=0.12|k=0.5|R_th=0.8|gap=20,0.12,0.5,0.8,20,1460,35,534,1994,107,1508,0.7322,0.9766,0.8369
S_th=0.12|k=0.5|R_th=0.8|gap=25,0.12,0.5,0.8,25,1455,35,539,1994,107,1503,0.7297,0.9765,0.8352
S_th=0.12|k=0.5|R_th=0.8|gap=30,0.12,0.5,0.8,30,1449,35,545,1994,107,1497,0.7267,0.9764,0.8332
S_th=0.12|k=1|R_th=0.5|gap=10,0.12,1.0,0.5,10,1029,38,965,1994,107,1079,0.516,0.9644,0.6723
S_th=0.12|k=1|R_th=0.5|gap=15,0.12,1.0,0.5,15,1029,38,965,1994,107,1079,0.516,0.9644,0.6723
S_th=0.12|k=1|R_th=0.5|gap=20,0.12,1.0,0.5,20,1028,38,966,1994,107,1078,0.5155,0.9644,0.6719
S_th=0.12|k=1|R_th=0.5|gap=25,0.12,1.0,0.5,25,1026,38,968,1994,107,1076,0.5145,0.9643,0.671
S_th=0.12|k=1|R_th=0.5|gap=30,0.12,1.0,0.5,30,1022,38,972,1994,107,1072,0.5125,0.9642,0.6693
S_th=0.12|k=1|R_th=0.6|gap=10,0.12,1.0,0.6,10,1029,38,965,1994,107,1079,0.516,0.9644,0.6723
S_th=0.12|k=1|R_th=0.6|gap=15,0.12,1.0,0.6,15,1029,38,965,1994,107,1079,0.516,0.9644,0.6723
S_th=0.12|k=1|R_th=0.6|gap=20,0.12,1.0,0.6,20,1028,38,966,1994,107,1078,0.5155,0.9644,0.6719
S_th=0.12|k=1|R_th=0.6|gap=25,0.12,1.0,0.6,25,1026,38,968,1994,107,1076,0.5145,0.9643,0.671
S_th=0.12|k=1|R_th=0.6|gap=30,0.12,1.0,0.6,30,1022,38,972,1994,107,1072,0.5125,0.9642,0.6693
S_th=0.12|k=1|R_th=0.7|gap=10,0.12,1.0,0.7,10,1029,38,965,1994,107,1079,0.516,0.9644,0.6723
S_th=0.12|k=1|R_th=0.7|gap=15,0.12,1.0,0.7,15,1029,38,965,1994,107,1079,0.516,0.9644,0.6723
S_th=0.12|k=1|R_th=0.7|gap=20,0.12,1.0,0.7,20,1028,38,966,1994,107,1078,0.5155,0.9644,0.6719
S_th=0.12|k=1|R_th=0.7|gap=25,0.12,1.0,0.7,25,1026,38,968,1994,107,1076,0.5145,0.9643,0.671
S_th=0.12|k=1|R_th=0.7|gap=30,0.12,1.0,0.7,30,1022,38,972,1994,107,1072,0.5125,0.9642,0.6693
S_th=0.12|k=1|R_th=0.75|gap=10,0.12,1.0,0.75,10,1029,38,965,1994,107,1079,0.516,0.9644,0.6723
S_th=0.12|k=1|R_th=0.75|gap=15,0.12,1.0,0.75,15,1029,38,965,1994,107,1079,0.516,0.9644,0.6723
S_th=0.12|k=1|R_th=0.75|gap=20,0.12,1.0,0.75,20,1028,38,966,1994,107,1078,0.5155,0.9644,0.6719
S_th=0.12|k=1|R_th=0.75|gap=25,0.12,1.0,0.75,25,1026,38,968,1994,107,1076,0.5145,0.9643,0.671
S_th=0.12|k=1|R_th=0.75|gap=30,0.12,1.0,0.75,30,1022,38,972,1994,107,1072,0.5125,0.9642,0.6693
S_th=0.12|k=1|R_th=0.8|gap=10,0.12,1.0,0.8,10,1029,38,965,1994,107,1079,0.516,0.9644,0.6723
S_th=0.12|k=1|R_th=0.8|gap=15,0.12,1.0,0.8,15,1029,38,965,1994,107,1079,0.516,0.9644,0.6723
S_th=0.12|k=1|R_th=0.8|gap=20,0.12,1.0,0.8,20,1028,38,966,1994,107,1078,0.5155,0.9644,0.6719
S_th=0.12|k=1|R_th=0.8|gap=25,0.12,1.0,0.8,25,1026,38,968,1994,107,1076,0.5145,0.9643,0.671
S_th=0.12|k=1|R_th=0.8|gap=30,0.12,1.0,0.8,30,1022,38,972,1994,107,1072,0.5125,0.9642,0.6693
S_th=0.12|k=2|R_th=0.5|gap=10,0.12,2.0,0.5,10,116,4,1878,1994,107,128,0.0582,0.9667,0.1097
S_th=0.12|k=2|R_th=0.5|gap=15,0.12,2.0,0.5,15,116,4,1878,1994,107,128,0.0582,0.9667,0.1097
S_th=0.12|k=2|R_th=0.5|gap=20,0.12,2.0,0.5,20,116,4,1878,1994,107,128,0.0582,0.9667,0.1097
S_th=0.12|k=2|R_th=0.5|gap=25,0.12,2.0,0.5,25,116,4,1878,1994,107,128,0.0582,0.9667,0.1097
S_th=0.12|k=2|R_th=0.5|gap=30,0.12,2.0,0.5,30,116,4,1878,1994,107,128,0.0582,0.9667,0.1097
S_th=0.12|k=2|R_th=0.6|gap=10,0.12,2.0,0.6,10,116,4,1878,1994,107,128,0.0582,0.9667,0.1097
S_th=0.12|k=2|R_th=0.6|gap=15,0.12,2.0,0.6,15,116,4,1878,1994,107,128,0.0582,0.9667,0.1097
S_th=0.12|k=2|R_th=0.6|gap=20,0.12,2.0,0.6,20,116,4,1878,1994,107,128,0.0582,0.9667,0.1097
S_th=0.12|k=2|R_th=0.6|gap=25,0.12,2.0,0.6,25,116,4,1878,1994,107,128,0.0582,0.9667,0.1097
S_th=0.12|k=2|R_th=0.6|gap=30,0.12,2.0,0.6,30,116,4,1878,1994,107,128,0.0582,0.9667,0.1097
S_th=0.12|k=2|R_th=0.7|gap=10,0.12,2.0,0.7,10,116,4,1878,1994,107,128,0.0582,0.9667,0.1097
S_th=0.12|k=2|R_th=0.7|gap=15,0.12,2.0,0.7,15,116,4,1878,1994,107,128,0.0582,0.9667,0.1097
S_th=0.12|k=2|R_th=0.7|gap=20,0.12,2.0,0.7,20,116,4,1878,1994,107,128,0.0582,0.9667,0.1097
S_th=0.12|k=2|R_th=0.7|gap=25,0.12,2.0,0.7,25,116,4,1878,1994,107,128,0.0582,0.9667,0.1097
S_th=0.12|k=2|R_th=0.7|gap=30,0.12,2.0,0.7,30,116,4,1878,1994,107,128,0.0582,0.9667,0.1097
S_th=0.12|k=2|R_th=0.75|gap=10,0.12,2.0,0.75,10,116,4,1878,1994,107,128,0.0582,0.9667,0.1097
S_th=0.12|k=2|R_th=0.75|gap=15,0.12,2.0,0.75,15,116,4,1878,1994,107,128,0.0582,0.9667,0.1097
S_th=0.12|k=2|R_th=0.75|gap=20,0.12,2.0,0.75,20,116,4,1878,1994,107,128,0.0582,0.9667,0.1097
S_th=0.12|k=2|R_th=0.75|gap=25,0.12,2.0,0.75,25,116,4,1878,1994,107,128,0.0582,0.9667,0.1097
S_th=0.12|k=2|R_th=0.75|gap=30,0.12,2.0,0.75,30,116,4,1878,1994,107,128,0.0582,0.9667,0.1097
S_th=0.12|k=2|R_th=0.8|gap=10,0.12,2.0,0.8,10,116,4,1878,1994,107,128,0.0582,0.9667,0.1097
S_th=0.12|k=2|R_th=0.8|gap=15,0.12,2.0,0.8,15,116,4,1878,1994,107,128,0.0582,0.9667,0.1097
S_th=0.12|k=2|R_th=0.8|gap=20,0.12,2.0,0.8,20,116,4,1878,1994,107,128,0.0582,0.9667,0.1097
S_th=0.12|k=2|R_th=0.8|gap=25,0.12,2.0,0.8,25,116,4,1878,1994,107,128,0.0582,0.9667,0.1097
S_th=0.12|k=2|R_th=0.8|gap=30,0.12,2.0,0.8,30,116,4,1878,1994,107,128,0.0582,0.9667,0.1097
S_th=0.12|k=3|R_th=0.5|gap=10,0.12,3.0,0.5,10,3,0,1991,1994,107,4,0.0015,1.0,0.003
S_th=0.12|k=3|R_th=0.5|gap=15,0.12,3.0,0.5,15,3,0,1991,1994,107,4,0.0015,1.0,0.003
S_th=0.12|k=3|R_th=0.5|gap=20,0.12,3.0,0.5,20,3,0,1991,1994,107,4,0.0015,1.0,0.003
S_th=0.12|k=3|R_th=0.5|gap=25,0.12,3.0,0.5,25,3,0,1991,1994,107,4,0.0015,1.0,0.003
S_th=0.12|k=3|R_th=0.5|gap=30,0.12,3.0,0.5,30,3,0,1991,1994,107,4,0.0015,1.0,0.003
S_th=0.12|k=3|R_th=0.6|gap=10,0.12,3.0,0.6,10,3,0,1991,1994,107,4,0.0015,1.0,0.003
S_th=0.12|k=3|R_th=0.6|gap=15,0.12,3.0,0.6,15,3,0,1991,1994,107,4,0.0015,1.0,0.003
S_th=0.12|k=3|R_th=0.6|gap=20,0.12,3.0,0.6,20,3,0,1991,1994,107,4,0.0015,1.0,0.003
S_th=0.12|k=3|R_th=0.6|gap=25,0.12,3.0,0.6,25,3,0,1991,1994,107,4,0.0015,1.0,0.003
S_th=0.12|k=3|R_th=0.6|gap=30,0.12,3.0,0.6,30,3,0,1991,1994,107,4,0.0015,1.0,0.003
S_th=0.12|k=3|R_th=0.7|gap=10,0.12,3.0,0.7,10,3,0,1991,1994,107,4,0.0015,1.0,0.003
S_th=0.12|k=3|R_th=0.7|gap=15,0.12,3.0,0.7,15,3,0,1991,1994,107,4,0.0015,1.0,0.003
S_th=0.12|k=3|R_th=0.7|gap=20,0.12,3.0,0.7,20,3,0,1991,1994,107,4,0.0015,1.0,0.003
S_th=0.12|k=3|R_th=0.7|gap=25,0.12,3.0,0.7,25,3,0,1991,1994,107,4,0.0015,1.0,0.003
S_th=0.12|k=3|R_th=0.7|gap=30,0.12,3.0,0.7,30,3,0,1991,1994,107,4,0.0015,1.0,0.003
S_th=0.12|k=3|R_th=0.75|gap=10,0.12,3.0,0.75,10,3,0,1991,1994,107,4,0.0015,1.0,0.003
S_th=0.12|k=3|R_th=0.75|gap=15,0.12,3.0,0.75,15,3,0,1991,1994,107,4,0.0015,1.0,0.003
S_th=0.12|k=3|R_th=0.75|gap=20,0.12,3.0,0.75,20,3,0,1991,1994,107,4,0.0015,1.0,0.003
S_th=0.12|k=3|R_th=0.75|gap=25,0.12,3.0,0.75,25,3,0,1991,1994,107,4,0.0015,1.0,0.003
S_th=0.12|k=3|R_th=0.75|gap=30,0.12,3.0,0.75,30,3,0,1991,1994,107,4,0.0015,1.0,0.003
S_th=0.12|k=3|R_th=0.8|gap=10,0.12,3.0,0.8,10,3,0,1991,1994,107,4,0.0015,1.0,0.003
S_th=0.12|k=3|R_th=0.8|gap=15,0.12,3.0,0.8,15,3,0,1991,1994,107,4,0.0015,1.0,0.003
S_th=0.12|k=3|R_th=0.8|gap=20,0.12,3.0,0.8,20,3,0,1991,1994,107,4,0.0015,1.0,0.003
S_th=0.12|k=3|R_th=0.8|gap=25,0.12,3.0,0.8,25,3,0,1991,1994,107,4,0.0015,1.0,0.003
S_th=0.12|k=3|R_th=0.8|gap=30,0.12,3.0,0.8,30,3,0,1991,1994,107,4,0.0015,1.0,0.003
S_th=0.12|k=5|R_th=0.5|gap=10,0.12,5.0,0.5,10,0,0,1994,1994,107,0,0.0,,
S_th=0.12|k=5|R_th=0.5|gap=15,0.12,5.0,0.5,15,0,0,1994,1994,107,0,0.0,,
S_th=0.12|k=5|R_th=0.5|gap=20,0.12,5.0,0.5,20,0,0,1994,1994,107,0,0.0,,
S_th=0.12|k=5|R_th=0.5|gap=25,0.12,5.0,0.5,25,0,0,1994,1994,107,0,0.0,,
S_th=0.12|k=5|R_th=0.5|gap=30,0.12,5.0,0.5,30,0,0,1994,1994,107,0,0.0,,
S_th=0.12|k=5|R_th=0.6|gap=10,0.12,5.0,0.6,10,0,0,1994,1994,107,0,0.0,,
S_th=0.12|k=5|R_th=0.6|gap=15,0.12,5.0,0.6,15,0,0,1994,1994,107,0,0.0,,
S_th=0.12|k=5|R_th=0.6|gap=20,0.12,5.0,0.6,20,0,0,1994,1994,107,0,0.0,,
S_th=0.12|k=5|R_th=0.6|gap=25,0.12,5.0,0.6,25,0,0,1994,1994,107,0,0.0,,
S_th=0.12|k=5|R_th=0.6|gap=30,0.12,5.0,0.6,30,0,0,1994,1994,107,0,0.0,,
S_th=0.12|k=5|R_th=0.7|gap=10,0.12,5.0,0.7,10,0,0,1994,1994,107,0,0.0,,
S_th=0.12|k=5|R_th=0.7|gap=15,0.12,5.0,0.7,15,0,0,1994,1994,107,0,0.0,,
S_th=0.12|k=5|R_th=0.7|gap=20,0.12,5.0,0.7,20,0,0,1994,1994,107,0,0.0,,
S_th=0.12|k=5|R_th=0.7|gap=25,0.12,5.0,0.7,25,0,0,1994,1994,107,0,0.0,,
S_th=0.12|k=5|R_th=0.7|gap=30,0.12,5.0,0.7,30,0,0,1994,1994,107,0,0.0,,
S_th=0.12|k=5|R_th=0.75|gap=10,0.12,5.0,0.75,10,0,0,1994,1994,107,0,0.0,,
S_th=0.12|k=5|R_th=0.75|gap=15,0.12,5.0,0.75,15,0,0,1994,1994,107,0,0.0,,
S_th=0.12|k=5|R_th=0.75|gap=20,0.12,5.0,0.75,20,0,0,1994,1994,107,0,0.0,,
S_th=0.12|k=5|R_th=0.75|gap=25,0.12,5.0,0.75,25,0,0,1994,1994,107,0,0.0,,
S_th=0.12|k=5|R_th=0.75|gap=30,0.12,5.0,0.75,30,0,0,1994,1994,107,0,0.0,,
S_th=0.12|k=5|R_th=0.8|gap=10,0.12,5.0,0.8,10,0,0,1994,1994,107,0,0.0,,
S_th=0.12|k=5|R_th=0.8|gap=15,0.12,5.0,0.8,15,0,0,1994,1994,107,0,0.0,,
S_th=0.12|k=5|R_th=0.8|gap=20,0.12,5.0,0.8,20,0,0,1994,1994,107,0,0.0,,
S_th=0.12|k=5|R_th=0.8|gap=25,0.12,5.0,0.8,25,0,0,1994,1994,107,0,0.0,,
S_th=0.12|k=5|R_th=0.8|gap=30,0.12,5.0,0.8,30,0,0,1994,1994,107,0,0.0,,
S_th=0.15|k=0.5|R_th=0.5|gap=10,0.15,0.5,0.5,10,1234,25,760,1994,107,1274,0.6189,0.9801,0.7587
S_th=0.15|k=0.5|R_th=0.5|gap=15,0.15,0.5,0.5,15,1234,25,760,1994,107,1271,0.6189,0.9801,0.7587
S_th=0.15|k=0.5|R_th=0.5|gap=20,0.15,0.5,0.5,20,1231,25,763,1994,107,1268,0.6174,0.9801,0.7575
S_th=0.15|k=0.5|R_th=0.5|gap=25,0.15,0.5,0.5,25,1228,25,766,1994,107,1265,0.6158,0.98,0.7564
S_th=0.15|k=0.5|R_th=0.5|gap=30,0.15,0.5,0.5,30,1226,25,768,1994,107,1263,0.6148,0.98,0.7556
S_th=0.15|k=0.5|R_th=0.6|gap=10,0.15,0.5,0.6,10,1233,25,761,1994,107,1273,0.6184,0.9801,0.7583
S_th=0.15|k=0.5|R_th=0.6|gap=15,0.15,0.5,0.6,15,1233,25,761,1994,107,1270,0.6184,0.9801,0.7583
S_th=0.15|k=0.5|R_th=0.6|gap=20,0.15,0.5,0.6,20,1230,25,764,1994,107,1267,0.6169,0.9801,0.7572
S_th=0.15|k=0.5|R_th=0.6|gap=25,0.15,0.5,0.6,25,1227,25,767,1994,107,1264,0.6153,0.98,0.756
S_th=0.15|k=0.5|R_th=0.6|gap=30,0.15,0.5,0.6,30,1225,25,769,1994,107,1262,0.6143,0.98,0.7552
S_th=0.15|k=0.5|R_th=0.7|gap=10,0.15,0.5,0.7,10,1231,25,763,1994,107,1271,0.6174,0.9801,0.7575
S_th=0.15|k=0.5|R_th=0.7|gap=15,0.15,0.5,0.7,15,1231,25,763,1994,107,1268,0.6174,0.9801,0.7575
S_th=0.15|k=0.5|R_th=0.7|gap=20,0.15,0.5,0.7,20,1228,25,766,1994,107,1265,0.6158,0.98,0.7564
S_th=0.15|k=0.5|R_th=0.7|gap=25,0.15,0.5,0.7,25,1225,25,769,1994,107,1262,0.6143,0.98,0.7552
S_th=0.15|k=0.5|R_th=0.7|gap=30,0.15,0.5,0.7,30,1224,25,770,1994,107,1261,0.6138,0.98,0.7549
S_th=0.15|k=0.5|R_th=0.75|gap=10,0.15,0.5,0.75,10,1231,25,763,1994,107,1271,0.6174,0.9801,0.7575
S_th=0.15|k=0.5|R_th=0.75|gap=15,0.15,0.5,0.75,15,1231,25,763,1994,107,1268,0.6174,0.9801,0.7575
S_th=0.15|k=0.5|R_th=0.75|gap=20,0.15,0.5,0.75,20,1228,25,766,1994,107,1265,0.6158,0.98,0.7564
S_th=0.15|k=0.5|R_th=0.75|gap=25,0.15,0.5,0.75,25,1225,25,769,1994,107,1262,0.6143,0.98,0.7552
S_th=0.15|k=0.5|R_th=0.75|gap=30,0.15,0.5,0.75,30,1224,25,770,1994,107,1261,0.6138,0.98,0.7549
S_th=0.15|k=0.5|R_th=0.8|gap=10,0.15,0.5,0.8,10,1231,25,763,1994,107,1271,0.6174,0.9801,0.7575
S_th=0.15|k=0.5|R_th=0.8|gap=15,0.15,0.5,0.8,15,1231,25,763,1994,107,1268,0.6174,0.9801,0.7575
S_th=0.15|k=0.5|R_th=0.8|gap=20,0.15,0.5,0.8,20,1228,25,766,1994,107,1265,0.6158,0.98,0.7564
S_th=0.15|k=0.5|R_th=0.8|gap=25,0.15,0.5,0.8,25,1225,25,769,1994,107,1262,0.6143,0.98,0.7552
S_th=0.15|k=0.5|R_th=0.8|gap=30,0.15,0.5,0.8,30,1224,25,770,1994,107,1261,0.6138,0.98,0.7549
S_th=0.15|k=1|R_th=0.5|gap=10,0.15,1.0,0.5,10,840,24,1154,1994,107,876,0.4213,0.9722,0.5878
S_th=0.15|k=1|R_th=0.5|gap=15,0.15,1.0,0.5,15,840,24,1154,1994,107,876,0.4213,0.9722,0.5878
S_th=0.15|k=1|R_th=0.5|gap=20,0.15,1.0,0.5,20,839,24,1155,1994,107,875,0.4208,0.9722,0.5873
S_th=0.15|k=1|R_th=0.5|gap=25,0.15,1.0,0.5,25,838,24,1156,1994,107,874,0.4203,0.9722,0.5868
S_th=0.15|k=1|R_th=0.5|gap=30,0.15,1.0,0.5,30,838,24,1156,1994,107,874,0.4203,0.9722,0.5868
S_th=0.15|k=1|R_th=0.6|gap=10,0.15,1.0,0.6,10,840,24,1154,1994,107,876,0.4213,0.9722,0.5878
S_th=0.15|k=1|R_th=0.6|gap=15,0.15,1.0,0.6,15,840,24,1154,1994,107,876,0.4213,0.9722,0.5878
S_th=0.15|k=1|R_th=0.6|gap=20,0.15,1.0,0.6,20,839,24,1155,1994,107,875,0.4208,0.9722,0.5873
S_th=0.15|k=1|R_th=0.6|gap=25,0.15,1.0,0.6,25,838,24,1156,1994,107,874,0.4203,0.9722,0.5868
S_th=0.15|k=1|R_th=0.6|gap=30,0.15,1.0,0.6,30,838,24,1156,1994,107,874,0.4203,0.9722,0.5868
S_th=0.15|k=1|R_th=0.7|gap=10,0.15,1.0,0.7,10,840,24,1154,1994,107,876,0.4213,0.9722,0.5878
S_th=0.15|k=1|R_th=0.7|gap=15,0.15,1.0,0.7,15,840,24,1154,1994,107,876,0.4213,0.9722,0.5878
S_th=0.15|k=1|R_th=0.7|gap=20,0.15,1.0,0.7,20,839,24,1155,1994,107,875,0.4208,0.9722,0.5873
S_th=0.15|k=1|R_th=0.7|gap=25,0.15,1.0,0.7,25,838,24,1156,1994,107,874,0.4203,0.9722,0.5868
S_th=0.15|k=1|R_th=0.7|gap=30,0.15,1.0,0.7,30,838,24,1156,1994,107,874,0.4203,0.9722,0.5868
S_th=0.15|k=1|R_th=0.75|gap=10,0.15,1.0,0.75,10,840,24,1154,1994,107,876,0.4213,0.9722,0.5878
S_th=0.15|k=1|R_th=0.75|gap=15,0.15,1.0,0.75,15,840,24,1154,1994,107,876,0.4213,0.9722,0.5878
S_th=0.15|k=1|R_th=0.75|gap=20,0.15,1.0,0.75,20,839,24,1155,1994,107,875,0.4208,0.9722,0.5873
S_th=0.15|k=1|R_th=0.75|gap=25,0.15,1.0,0.75,25,838,24,1156,1994,107,874,0.4203,0.9722,0.5868
S_th=0.15|k=1|R_th=0.75|gap=30,0.15,1.0,0.75,30,838,24,1156,1994,107,874,0.4203,0.9722,0.5868
S_th=0.15|k=1|R_th=0.8|gap=10,0.15,1.0,0.8,10,840,24,1154,1994,107,876,0.4213,0.9722,0.5878
S_th=0.15|k=1|R_th=0.8|gap=15,0.15,1.0,0.8,15,840,24,1154,1994,107,876,0.4213,0.9722,0.5878
S_th=0.15|k=1|R_th=0.8|gap=20,0.15,1.0,0.8,20,839,24,1155,1994,107,875,0.4208,0.9722,0.5873
S_th=0.15|k=1|R_th=0.8|gap=25,0.15,1.0,0.8,25,838,24,1156,1994,107,874,0.4203,0.9722,0.5868
S_th=0.15|k=1|R_th=0.8|gap=30,0.15,1.0,0.8,30,838,24,1156,1994,107,874,0.4203,0.9722,0.5868
S_th=0.15|k=2|R_th=0.5|gap=10,0.15,2.0,0.5,10,91,2,1903,1994,107,101,0.0456,0.9785,0.0872
S_th=0.15|k=2|R_th=0.5|gap=15,0.15,2.0,0.5,15,91,2,1903,1994,107,101,0.0456,0.9785,0.0872
S_th=0.15|k=2|R_th=0.5|gap=20,0.15,2.0,0.5,20,91,2,1903,1994,107,101,0.0456,0.9785,0.0872
S_th=0.15|k=2|R_th=0.5|gap=25,0.15,2.0,0.5,25,91,2,1903,1994,107,101,0.0456,0.9785,0.0872
S_th=0.15|k=2|R_th=0.5|gap=30,0.15,2.0,0.5,30,91,2,1903,1994,107,101,0.0456,0.9785,0.0872
S_th=0.15|k=2|R_th=0.6|gap=10,0.15,2.0,0.6,10,91,2,1903,1994,107,101,0.0456,0.9785,0.0872
S_th=0.15|k=2|R_th=0.6|gap=15,0.15,2.0,0.6,15,91,2,1903,1994,107,101,0.0456,0.9785,0.0872
S_th=0.15|k=2|R_th=0.6|gap=20,0.15,2.0,0.6,20,91,2,1903,1994,107,101,0.0456,0.9785,0.0872
S_th=0.15|k=2|R_th=0.6|gap=25,0.15,2.0,0.6,25,91,2,1903,1994,107,101,0.0456,0.9785,0.0872
S_th=0.15|k=2|R_th=0.6|gap=30,0.15,2.0,0.6,30,91,2,1903,1994,107,101,0.0456,0.9785,0.0872
S_th=0.15|k=2|R_th=0.7|gap=10,0.15,2.0,0.7,10,91,2,1903,1994,107,101,0.0456,0.9785,0.0872
S_th=0.15|k=2|R_th=0.7|gap=15,0.15,2.0,0.7,15,91,2,1903,1994,107,101,0.0456,0.9785,0.0872
S_th=0.15|k=2|R_th=0.7|gap=20,0.15,2.0,0.7,20,91,2,1903,1994,107,101,0.0456,0.9785,0.0872
S_th=0.15|k=2|R_th=0.7|gap=25,0.15,2.0,0.7,25,91,2,1903,1994,107,101,0.0456,0.9785,0.0872
S_th=0.15|k=2|R_th=0.7|gap=30,0.15,2.0,0.7,30,91,2,1903,1994,107,101,0.0456,0.9785,0.0872
S_th=0.15|k=2|R_th=0.75|gap=10,0.15,2.0,0.75,10,91,2,1903,1994,107,101,0.0456,0.9785,0.0872
S_th=0.15|k=2|R_th=0.75|gap=15,0.15,2.0,0.75,15,91,2,1903,1994,107,101,0.0456,0.9785,0.0872
S_th=0.15|k=2|R_th=0.75|gap=20,0.15,2.0,0.75,20,91,2,1903,1994,107,101,0.0456,0.9785,0.0872
S_th=0.15|k=2|R_th=0.75|gap=25,0.15,2.0,0.75,25,91,2,1903,1994,107,101,0.0456,0.9785,0.0872
S_th=0.15|k=2|R_th=0.75|gap=30,0.15,2.0,0.75,30,91,2,1903,1994,107,101,0.0456,0.9785,0.0872
S_th=0.15|k=2|R_th=0.8|gap=10,0.15,2.0,0.8,10,91,2,1903,1994,107,101,0.0456,0.9785,0.0872
S_th=0.15|k=2|R_th=0.8|gap=15,0.15,2.0,0.8,15,91,2,1903,1994,107,101,0.0456,0.9785,0.0872
S_th=0.15|k=2|R_th=0.8|gap=20,0.15,2.0,0.8,20,91,2,1903,1994,107,101,0.0456,0.9785,0.0872
S_th=0.15|k=2|R_th=0.8|gap=25,0.15,2.0,0.8,25,91,2,1903,1994,107,101,0.0456,0.9785,0.0872
S_th=0.15|k=2|R_th=0.8|gap=30,0.15,2.0,0.8,30,91,2,1903,1994,107,101,0.0456,0.9785,0.0872
S_th=0.15|k=3|R_th=0.5|gap=10,0.15,3.0,0.5,10,3,0,1991,1994,107,4,0.0015,1.0,0.003
S_th=0.15|k=3|R_th=0.5|gap=15,0.15,3.0,0.5,15,3,0,1991,1994,107,4,0.0015,1.0,0.003
S_th=0.15|k=3|R_th=0.5|gap=20,0.15,3.0,0.5,20,3,0,1991,1994,107,4,0.0015,1.0,0.003
S_th=0.15|k=3|R_th=0.5|gap=25,0.15,3.0,0.5,25,3,0,1991,1994,107,4,0.0015,1.0,0.003
S_th=0.15|k=3|R_th=0.5|gap=30,0.15,3.0,0.5,30,3,0,1991,1994,107,4,0.0015,1.0,0.003
S_th=0.15|k=3|R_th=0.6|gap=10,0.15,3.0,0.6,10,3,0,1991,1994,107,4,0.0015,1.0,0.003
S_th=0.15|k=3|R_th=0.6|gap=15,0.15,3.0,0.6,15,3,0,1991,1994,107,4,0.0015,1.0,0.003
S_th=0.15|k=3|R_th=0.6|gap=20,0.15,3.0,0.6,20,3,0,1991,1994,107,4,0.0015,1.0,0.003
S_th=0.15|k=3|R_th=0.6|gap=25,0.15,3.0,0.6,25,3,0,1991,1994,107,4,0.0015,1.0,0.003
S_th=0.15|k=3|R_th=0.6|gap=30,0.15,3.0,0.6,30,3,0,1991,1994,107,4,0.0015,1.0,0.003
S_th=0.15|k=3|R_th=0.7|gap=10,0.15,3.0,0.7,10,3,0,1991,1994,107,4,0.0015,1.0,0.003
S_th=0.15|k=3|R_th=0.7|gap=15,0.15,3.0,0.7,15,3,0,1991,1994,107,4,0.0015,1.0,0.003
S_th=0.15|k=3|R_th=0.7|gap=20,0.15,3.0,0.7,20,3,0,1991,1994,107,4,0.0015,1.0,0.003
S_th=0.15|k=3|R_th=0.7|gap=25,0.15,3.0,0.7,25,3,0,1991,1994,107,4,0.0015,1.0,0.003
S_th=0.15|k=3|R_th=0.7|gap=30,0.15,3.0,0.7,30,3,0,1991,1994,107,4,0.0015,1.0,0.003
S_th=0.15|k=3|R_th=0.75|gap=10,0.15,3.0,0.75,10,3,0,1991,1994,107,4,0.0015,1.0,0.003
S_th=0.15|k=3|R_th=0.75|gap=15,0.15,3.0,0.75,15,3,0,1991,1994,107,4,0.0015,1.0,0.003
S_th=0.15|k=3|R_th=0.75|gap=20,0.15,3.0,0.75,20,3,0,1991,1994,107,4,0.0015,1.0,0.003
S_th=0.15|k=3|R_th=0.75|gap=25,0.15,3.0,0.75,25,3,0,1991,1994,107,4,0.0015,1.0,0.003
S_th=0.15|k=3|R_th=0.75|gap=30,0.15,3.0,0.75,30,3,0,1991,1994,107,4,0.0015,1.0,0.003
S_th=0.15|k=3|R_th=0.8|gap=10,0.15,3.0,0.8,10,3,0,1991,1994,107,4,0.0015,1.0,0.003
S_th=0.15|k=3|R_th=0.8|gap=15,0.15,3.0,0.8,15,3,0,1991,1994,107,4,0.0015,1.0,0.003
S_th=0.15|k=3|R_th=0.8|gap=20,0.15,3.0,0.8,20,3,0,1991,1994,107,4,0.0015,1.0,0.003
S_th=0.15|k=3|R_th=0.8|gap=25,0.15,3.0,0.8,25,3,0,1991,1994,107,4,0.0015,1.0,0.003
S_th=0.15|k=3|R_th=0.8|gap=30,0.15,3.0,0.8,30,3,0,1991,1994,107,4,0.0015,1.0,0.003
S_th=0.15|k=5|R_th=0.5|gap=10,0.15,5.0,0.5,10,0,0,1994,1994,107,0,0.0,,
S_th=0.15|k=5|R_th=0.5|gap=15,0.15,5.0,0.5,15,0,0,1994,1994,107,0,0.0,,
S_th=0.15|k=5|R_th=0.5|gap=20,0.15,5.0,0.5,20,0,0,1994,1994,107,0,0.0,,
S_th=0.15|k=5|R_th=0.5|gap=25,0.15,5.0,0.5,25,0,0,1994,1994,107,0,0.0,,
S_th=0.15|k=5|R_th=0.5|gap=30,0.15,5.0,0.5,30,0,0,1994,1994,107,0,0.0,,
S_th=0.15|k=5|R_th=0.6|gap=10,0.15,5.0,0.6,10,0,0,1994,1994,107,0,0.0,,
S_th=0.15|k=5|R_th=0.6|gap=15,0.15,5.0,0.6,15,0,0,1994,1994,107,0,0.0,,
S_th=0.15|k=5|R_th=0.6|gap=20,0.15,5.0,0.6,20,0,0,1994,1994,107,0,0.0,,
S_th=0.15|k=5|R_th=0.6|gap=25,0.15,5.0,0.6,25,0,0,1994,1994,107,0,0.0,,
S_th=0.15|k=5|R_th=0.6|gap=30,0.15,5.0,0.6,30,0,0,1994,1994,107,0,0.0,,
S_th=0.15|k=5|R_th=0.7|gap=10,0.15,5.0,0.7,10,0,0,1994,1994,107,0,0.0,,
S_th=0.15|k=5|R_th=0.7|gap=15,0.15,5.0,0.7,15,0,0,1994,1994,107,0,0.0,,
S_th=0.15|k=5|R_th=0.7|gap=20,0.15,5.0,0.7,20,0,0,1994,1994,107,0,0.0,,
S_th=0.15|k=5|R_th=0.7|gap=25,0.15,5.0,0.7,25,0,0,1994,1994,107,0,0.0,,
S_th=0.15|k=5|R_th=0.7|gap=30,0.15,5.0,0.7,30,0,0,1994,1994,107,0,0.0,,
S_th=0.15|k=5|R_th=0.75|gap=10,0.15,5.0,0.75,10,0,0,1994,1994,107,0,0.0,,
S_th=0.15|k=5|R_th=0.75|gap=15,0.15,5.0,0.75,15,0,0,1994,1994,107,0,0.0,,
S_th=0.15|k=5|R_th=0.75|gap=20,0.15,5.0,0.75,20,0,0,1994,1994,107,0,0.0,,
S_th=0.15|k=5|R_th=0.75|gap=25,0.15,5.0,0.75,25,0,0,1994,1994,107,0,0.0,,
S_th=0.15|k=5|R_th=0.75|gap=30,0.15,5.0,0.75,30,0,0,1994,1994,107,0,0.0,,
S_th=0.15|k=5|R_th=0.8|gap=10,0.15,5.0,0.8,10,0,0,1994,1994,107,0,0.0,,
S_th=0.15|k=5|R_th=0.8|gap=15,0.15,5.0,0.8,15,0,0,1994,1994,107,0,0.0,,
S_th=0.15|k=5|R_th=0.8|gap=20,0.15,5.0,0.8,20,0,0,1994,1994,107,0,0.0,,
S_th=0.15|k=5|R_th=0.8|gap=25,0.15,5.0,0.8,25,0,0,1994,1994,107,0,0.0,,
S_th=0.15|k=5|R_th=0.8|gap=30,0.15,5.0,0.8,30,0,0,1994,1994,107,0,0.0,,
