interval,s_th,k,r_th,tp,fp,fn,Se,PPV,F
5,0.06,0.5,0.5,651,3,79,0.8917808219178082,0.9954128440366973,0.9407514450867052
5,0.06,0.5,0.6,651,3,79,0.8917808219178082,0.9954128440366973,0.9407514450867052
6,0.06,0.5,0.5,648,0,82,0.8876712328767123,1.0,0.9404934687953557
6,0.06,0.5,0.6,648,0,82,0.8876712328767123,1.0,0.9404934687953557
5,0.06,0.5,0.7,650,3,80,0.8904109589041096,0.9954058192955589,0.9399855386840202
5,0.06,0.5,0.75,650,3,80,0.8904109589041096,0.9954058192955589,0.9399855386840202
5,0.08,0.5,0.6,650,3,80,0.8904109589041096,0.9954058192955589,0.9399855386840202
5,0.08,0.5,0.5,650,3,80,0.8904109589041096,0.9954058192955589,0.9399855386840202
5,0.06,0.5,0.8,649,3,81,0.8890410958904109,0.995398773006135,0.9392185238784371
5,0.1,0.5,0.6,649,3,81,0.8890410958904109,0.995398773006135,0.9392185238784371
5,0.1,0.5,0.5,649,3,81,0.8890410958904109,0.995398773006135,0.9392185238784371
5,0.08,0.5,0.75,649,3,81,0.8890410958904109,0.995398773006135,0.9392185238784371
5,0.08,0.5,0.7,649,3,81,0.8890410958904109,0.995398773006135,0.9392185238784371
6,0.06,0.5,0.7,646,0,84,0.8849315068493151,1.0,0.938953488372093
6,0.06,0.5,0.75,646,0,84,0.8849315068493151,1.0,0.938953488372093
6,0.08,0.5,0.6,646,0,84,0.8849315068493151,1.0,0.938953488372093
6,0.08,0.5,0.5,646,0,84,0.8849315068493151,1.0,0.938953488372093
5,0.1,0.5,0.75,648,3,82,0.8876712328767123,0.9953917050691244,0.9384503982621288
5,0.08,0.5,0.8,648,3,82,0.8876712328767123,0.9953917050691244,0.9384503982621288
5,0.12,0.5,0.6,648,3,82,0.8876712328767123,0.9953917050691244,0.9384503982621288
5,0.12,0.5,0.5,648,3,82,0.8876712328767123,0.9953917050691244,0.9384503982621288
5,0.1,0.5,0.7,648,3,82,0.8876712328767123,0.9953917050691244,0.9384503982621288
6,0.06,0.5,0.8,645,0,85,0.8835616438356164,1.0,0.9381818181818181
6,0.1,0.5,0.6,645,0,85,0.8835616438356164,1.0,0.9381818181818181
6,0.1,0.5,0.5,645,0,85,0.8835616438356164,1.0,0.9381818181818181
6,0.12,0.5,0.5,645,0,85,0.8835616438356164,1.0,0.9381818181818181
6,0.12,0.5,0.6,645,0,85,0.8835616438356164,1.0,0.9381818181818181
5,0.15,0.5,0.6,647,3,83,0.8863013698630137,0.9953846153846154,0.93768115942029
5,0.12,0.5,0.75,647,3,83,0.8863013698630137,0.9953846153846154,0.93768115942029
5,0.12,0.5,0.7,647,3,83,0.8863013698630137,0.9953846153846154,0.93768115942029
5,0.1,0.5,0.8,647,3,83,0.8863013698630137,0.9953846153846154,0.93768115942029
5,0.15,0.5,0.5,647,3,83,0.8863013698630137,0.9953846153846154,0.93768115942029
6,0.08,0.5,0.7,644,0,86,0.8821917808219178,1.0,0.9374090247452692
6,0.08,0.5,0.75,644,0,86,0.8821917808219178,1.0,0.9374090247452692
5,0.15,0.5,0.7,646,3,84,0.8849315068493151,0.9953775038520801,0.9369108049311095
5,0.15,0.5,0.75,646,3,84,0.8849315068493151,0.9953775038520801,0.9369108049311095
5,0.12,0.5,0.8,646,3,84,0.8849315068493151,0.9953775038520801,0.9369108049311095
6,0.08,0.5,0.8,643,0,87,0.8808219178082192,1.0,0.9366351056081572
6,0.12,0.5,0.7,643,0,87,0.8808219178082192,1.0,0.9366351056081572
6,0.1,0.5,0.75,643,0,87,0.8808219178082192,1.0,0.9366351056081572
6,0.12,0.5,0.75,643,0,87,0.8808219178082192,1.0,0.9366351056081572
6,0.1,0.5,0.7,643,0,87,0.8808219178082192,1.0,0.9366351056081572
5,0.15,0.5,0.8,645,3,85,0.8835616438356164,0.9953703703703703,0.9361393323657474
6,0.1,0.5,0.8,642,0,88,0.8794520547945206,1.0,0.935860058309038
6,0.15,0.5,0.5,642,0,88,0.8794520547945206,1.0,0.935860058309038
6,0.15,0.5,0.6,642,0,88,0.8794520547945206,1.0,0.935860058309038
6,0.12,0.5,0.8,642,0,88,0.8794520547945206,1.0,0.935860058309038
5,0.1,1.0,0.5,644,3,86,0.8821917808219178,0.9953632148377125,0.935366739288308
5,0.06,1.0,0.5,644,3,86,0.8821917808219178,0.9953632148377125,0.935366739288308
5,0.08,1.0,0.6,644,3,86,0.8821917808219178,0.9953632148377125,0.935366739288308
5,0.06,1.0,0.6,644,3,86,0.8821917808219178,0.9953632148377125,0.935366739288308
5,0.1,1.0,0.6,644,3,86,0.8821917808219178,0.9953632148377125,0.935366739288308
5,0.08,1.0,0.5,644,3,86,0.8821917808219178,0.9953632148377125,0.935366739288308
5,0.1,1.0,0.75,643,3,87,0.8808219178082192,0.9953560371517027,0.9345930232558138
5,0.06,1.0,0.75,643,3,87,0.8808219178082192,0.9953560371517027,0.9345930232558138
5,0.15,1.0,0.6,643,3,87,0.8808219178082192,0.9953560371517027,0.9345930232558138
5,0.08,1.0,0.75,643,3,87,0.8808219178082192,0.9953560371517027,0.9345930232558138
5,0.08,1.0,0.7,643,3,87,0.8808219178082192,0.9953560371517027,0.9345930232558138
5,0.1,1.0,0.7,643,3,87,0.8808219178082192,0.9953560371517027,0.9345930232558138
5,0.12,1.0,0.5,643,3,87,0.8808219178082192,0.9953560371517027,0.9345930232558138
5,0.12,1.0,0.6,643,3,87,0.8808219178082192,0.9953560371517027,0.9345930232558138
5,0.15,1.0,0.5,643,3,87,0.8808219178082192,0.9953560371517027,0.9345930232558138
5,0.06,1.0,0.7,643,3,87,0.8808219178082192,0.9953560371517027,0.9345930232558138
6,0.15,0.5,0.75,640,0,90,0.8767123287671232,1.0,0.9343065693430657
6,0.15,0.5,0.7,640,0,90,0.8767123287671232,1.0,0.9343065693430657
5,0.12,1.0,0.7,642,3,88,0.8794520547945206,0.9953488372093023,0.9338181818181819
5,0.12,1.0,0.75,642,3,88,0.8794520547945206,0.9953488372093023,0.9338181818181819
5,0.15,1.0,0.7,642,3,88,0.8794520547945206,0.9953488372093023,0.9338181818181819
5,0.15,1.0,0.75,642,3,88,0.8794520547945206,0.9953488372093023,0.9338181818181819
5,0.08,1.0,0.8,642,3,88,0.8794520547945206,0.9953488372093023,0.9338181818181819
5,0.1,1.0,0.8,642,3,88,0.8794520547945206,0.9953488372093023,0.9338181818181819
5,0.06,1.0,0.8,642,3,88,0.8794520547945206,0.9953488372093023,0.9338181818181819
6,0.06,1.0,0.5,639,0,91,0.8753424657534247,1.0,0.933528122717312
6,0.06,1.0,0.6,639,0,91,0.8753424657534247,1.0,0.933528122717312
6,0.15,0.5,0.8,639,0,91,0.8753424657534247,1.0,0.933528122717312
5,0.12,1.0,0.8,641,3,89,0.8780821917808219,0.9953416149068323,0.9330422125181951
5,0.15,1.0,0.8,641,3,89,0.8780821917808219,0.9953416149068323,0.9330422125181951
6,0.08,1.0,0.6,638,0,92,0.873972602739726,1.0,0.932748538011696
6,0.08,1.0,0.5,638,0,92,0.873972602739726,1.0,0.932748538011696
6,0.06,1.0,0.75,638,0,92,0.873972602739726,1.0,0.932748538011696
6,0.06,1.0,0.7,638,0,92,0.873972602739726,1.0,0.932748538011696
6,0.06,1.0,0.8,637,0,93,0.8726027397260274,1.0,0.9319678127286027
6,0.08,1.0,0.75,637,0,93,0.8726027397260274,1.0,0.9319678127286027
6,0.08,1.0,0.7,637,0,93,0.8726027397260274,1.0,0.9319678127286027
6,0.1,1.0,0.5,637,0,93,0.8726027397260274,1.0,0.9319678127286027
6,0.1,1.0,0.6,637,0,93,0.8726027397260274,1.0,0.9319678127286027
6,0.12,1.0,0.5,636,0,94,0.8712328767123287,1.0,0.931185944363104
6,0.08,1.0,0.8,636,0,94,0.8712328767123287,1.0,0.931185944363104
6,0.1,1.0,0.7,636,0,94,0.8712328767123287,1.0,0.931185944363104
6,0.12,1.0,0.6,636,0,94,0.8712328767123287,1.0,0.931185944363104
6,0.1,1.0,0.75,636,0,94,0.8712328767123287,1.0,0.931185944363104
6,0.12,1.0,0.7,635,0,95,0.8698630136986302,1.0,0.9304029304029303
6,0.1,1.0,0.8,635,0,95,0.8698630136986302,1.0,0.9304029304029303
6,0.12,1.0,0.75,635,0,95,0.8698630136986302,1.0,0.9304029304029303
10,0.06,0.5,0.5,638,4,92,0.873972602739726,0.9937694704049844,0.9300291545189504
10,0.06,0.5,0.6,638,4,92,0.873972602739726,0.9937694704049844,0.9300291545189504
6,0.12,1.0,0.8,634,0,96,0.8684931506849315,1.0,0.9296187683284457
6,0.15,1.0,0.6,633,0,97,0.8671232876712329,1.0,0.9288334556126192
6,0.15,1.0,0.5,633,0,97,0.8671232876712329,1.0,0.9288334556126192
6,0.15,1.0,0.7,632,0,98,0.8657534246575342,1.0,0.9280469897209985
6,0.15,1.0,0.75,632,0,98,0.8657534246575342,1.0,0.9280469897209985
10,0.08,0.5,0.5,635,4,95,0.8698630136986302,0.9937402190923318,0.9276844411979548
10,0.08,0.5,0.6,635,4,95,0.8698630136986302,0.9937402190923318,0.9276844411979548
6,0.15,1.0,0.8,631,0,99,0.8643835616438356,1.0,0.9272593681116825
10,0.06,0.5,0.7,635,5,95,0.8698630136986302,0.9921875,0.927007299270073
10,0.08,0.5,0.7,632,5,98,0.8657534246575342,0.9921507064364207,0.9246525237746891
10,0.06,0.5,0.75,631,5,99,0.8643835616438356,0.9921383647798742,0.9238653001464129
10,0.1,0.5,0.5,630,4,100,0.863013698630137,0.9936908517350158,0.9237536656891496
10,0.1,0.5,0.6,630,4,100,0.863013698630137,0.9936908517350158,0.9237536656891496
10,0.12,0.5,0.6,627,1,103,0.8589041095890411,0.9984076433121019,0.9234167893961709
10,0.12,0.5,0.5,627,1,103,0.8589041095890411,0.9984076433121019,0.9234167893961709
10,0.08,0.5,0.75,628,5,102,0.8602739726027397,0.9921011058451816,0.921496698459281
10,0.1,0.5,0.7,627,4,103,0.8589041095890411,0.993660855784469,0.9213813372520205
10,0.12,0.5,0.7,624,1,106,0.8547945205479452,0.9984,0.9210332103321034
10,0.06,1.0,0.6,623,2,107,0.8534246575342466,0.9968,0.9195571955719558
10,0.06,1.0,0.5,623,2,107,0.8534246575342466,0.9968,0.9195571955719558
10,0.06,0.5,0.8,625,6,105,0.8561643835616438,0.9904912836767037,0.9184423218221895
10,0.1,0.5,0.75,623,4,107,0.8534246575342466,0.9936204146730463,0.918201915991157
10,0.12,0.5,0.75,620,1,110,0.8493150684931506,0.998389694041868,0.9178386380458919
10,0.06,1.0,0.7,621,3,109,0.8506849315068493,0.9951923076923077,0.9172821270310192
10,0.15,0.5,0.5,618,0,112,0.8465753424657534,1.0,0.9169139465875371
10,0.15,0.5,0.6,618,0,112,0.8465753424657534,1.0,0.9169139465875371
10,0.08,1.0,0.5,618,2,112,0.8465753424657534,0.9967741935483871,0.9155555555555556
10,0.08,1.0,0.6,618,2,112,0.8465753424657534,0.9967741935483871,0.9155555555555556
10,0.15,0.5,0.7,615,0,115,0.8424657534246576,1.0,0.9144981412639406
10,0.08,0.5,0.8,620,6,110,0.8493150684931506,0.9904153354632588,0.9144542772861356
10,0.06,1.0,0.75,617,3,113,0.8452054794520548,0.9951612903225806,0.9140740740740739
10,0.08,1.0,0.7,616,3,114,0.8438356164383561,0.9951534733441034,0.9132690882134916
10,0.1,1.0,0.5,615,2,115,0.8424657534246576,0.9967585089141004,0.913140311804009
10,0.1,1.0,0.6,615,2,115,0.8424657534246576,0.9967585089141004,0.913140311804009
10,0.12,1.0,0.6,613,0,117,0.8397260273972603,1.0,0.9128816083395385
10,0.12,1.0,0.5,613,0,117,0.8397260273972603,1.0,0.9128816083395385
10,0.15,0.5,0.75,611,0,119,0.836986301369863,1.0,0.9112602535421328
10,0.12,1.0,0.7,611,0,119,0.836986301369863,1.0,0.9112602535421328
10,0.12,0.5,0.8,612,2,118,0.8383561643835616,0.996742671009772,0.9107142857142858
10,0.1,1.0,0.7,612,3,118,0.8383561643835616,0.9951219512195122,0.9100371747211896
10,0.08,1.0,0.75,612,3,118,0.8383561643835616,0.9951219512195122,0.9100371747211896
10,0.15,1.0,0.5,609,0,121,0.8342465753424657,1.0,0.9096340552651232
10,0.15,1.0,0.6,609,0,121,0.8342465753424657,1.0,0.9096340552651232
10,0.1,0.5,0.8,614,6,116,0.8410958904109589,0.9903225806451613,0.9096296296296297
10,0.06,1.0,0.8,612,5,118,0.8383561643835616,0.9918962722852512,0.9086859688195991
10,0.15,1.0,0.7,607,0,123,0.8315068493150685,1.0,0.9080029917726252
10,0.12,1.0,0.75,607,0,123,0.8315068493150685,1.0,0.9080029917726252
10,0.1,1.0,0.75,608,3,122,0.8328767123287671,0.9950900163666121,0.906785980611484
10,0.15,0.5,0.8,604,1,126,0.8273972602739726,0.9983471074380166,0.904868913857678
10,0.15,1.0,0.75,603,0,127,0.826027397260274,1.0,0.9047261815453864
10,0.08,1.0,0.8,605,5,125,0.8287671232876712,0.9918032786885246,0.9029850746268656
10,0.12,1.0,0.8,601,1,129,0.8232876712328767,0.9983388704318937,0.9024024024024023
5,0.06,2.0,0.5,601,3,129,0.8232876712328767,0.9950331125827815,0.9010494752623689
5,0.08,2.0,0.75,601,3,129,0.8232876712328767,0.9950331125827815,0.9010494752623689
5,0.06,2.0,0.7,601,3,129,0.8232876712328767,0.9950331125827815,0.9010494752623689
5,0.08,2.0,0.5,601,3,129,0.8232876712328767,0.9950331125827815,0.9010494752623689
5,0.06,2.0,0.8,601,3,129,0.8232876712328767,0.9950331125827815,0.9010494752623689
5,0.08,2.0,0.6,601,3,129,0.8232876712328767,0.9950331125827815,0.9010494752623689
5,0.08,2.0,0.7,601,3,129,0.8232876712328767,0.9950331125827815,0.9010494752623689
5,0.06,2.0,0.75,601,3,129,0.8232876712328767,0.9950331125827815,0.9010494752623689
5,0.06,2.0,0.6,601,3,129,0.8232876712328767,0.9950331125827815,0.9010494752623689
5,0.08,2.0,0.8,601,3,129,0.8232876712328767,0.9950331125827815,0.9010494752623689
5,0.1,2.0,0.8,601,3,129,0.8232876712328767,0.9950331125827815,0.9010494752623689
5,0.1,2.0,0.75,601,3,129,0.8232876712328767,0.9950331125827815,0.9010494752623689
5,0.1,2.0,0.7,601,3,129,0.8232876712328767,0.9950331125827815,0.9010494752623689
5,0.1,2.0,0.5,601,3,129,0.8232876712328767,0.9950331125827815,0.9010494752623689
5,0.1,2.0,0.6,601,3,129,0.8232876712328767,0.9950331125827815,0.9010494752623689
5,0.15,2.0,0.8,600,3,130,0.821917808219178,0.9950248756218906,0.9002250562640659
5,0.15,2.0,0.75,600,3,130,0.821917808219178,0.9950248756218906,0.9002250562640659
5,0.15,2.0,0.7,600,3,130,0.821917808219178,0.9950248756218906,0.9002250562640659
5,0.15,2.0,0.6,600,3,130,0.821917808219178,0.9950248756218906,0.9002250562640659
5,0.15,2.0,0.5,600,3,130,0.821917808219178,0.9950248756218906,0.9002250562640659
5,0.12,2.0,0.5,600,3,130,0.821917808219178,0.9950248756218906,0.9002250562640659
5,0.12,2.0,0.8,600,3,130,0.821917808219178,0.9950248756218906,0.9002250562640659
5,0.12,2.0,0.75,600,3,130,0.821917808219178,0.9950248756218906,0.9002250562640659
5,0.12,2.0,0.7,600,3,130,0.821917808219178,0.9950248756218906,0.9002250562640659
5,0.12,2.0,0.6,600,3,130,0.821917808219178,0.9950248756218906,0.9002250562640659
10,0.1,1.0,0.8,601,5,129,0.8232876712328767,0.9917491749174917,0.8997005988023952
10,0.15,1.0,0.8,597,1,133,0.8178082191780822,0.9983277591973244,0.8990963855421686
6,0.12,2.0,0.7,592,1,138,0.810958904109589,0.9983136593591906,0.8949357520786092
6,0.1,2.0,0.8,592,1,138,0.810958904109589,0.9983136593591906,0.8949357520786092
6,0.12,2.0,0.6,592,1,138,0.810958904109589,0.9983136593591906,0.8949357520786092
6,0.12,2.0,0.75,592,1,138,0.810958904109589,0.9983136593591906,0.8949357520786092
6,0.1,2.0,0.6,592,1,138,0.810958904109589,0.9983136593591906,0.8949357520786092
6,0.1,2.0,0.5,592,1,138,0.810958904109589,0.9983136593591906,0.8949357520786092
6,0.12,2.0,0.8,592,1,138,0.810958904109589,0.9983136593591906,0.8949357520786092
6,0.12,2.0,0.5,592,1,138,0.810958904109589,0.9983136593591906,0.8949357520786092
6,0.1,2.0,0.75,592,1,138,0.810958904109589,0.9983136593591906,0.8949357520786092
6,0.1,2.0,0.7,592,1,138,0.810958904109589,0.9983136593591906,0.8949357520786092
6,0.06,2.0,0.5,592,1,138,0.810958904109589,0.9983136593591906,0.8949357520786092
6,0.08,2.0,0.6,592,1,138,0.810958904109589,0.9983136593591906,0.8949357520786092
6,0.08,2.0,0.75,592,1,138,0.810958904109589,0.9983136593591906,0.8949357520786092
6,0.08,2.0,0.8,592,1,138,0.810958904109589,0.9983136593591906,0.8949357520786092
6,0.08,2.0,0.5,592,1,138,0.810958904109589,0.9983136593591906,0.8949357520786092
6,0.08,2.0,0.7,592,1,138,0.810958904109589,0.9983136593591906,0.8949357520786092
6,0.06,2.0,0.6,592,1,138,0.810958904109589,0.9983136593591906,0.8949357520786092
6,0.06,2.0,0.8,592,1,138,0.810958904109589,0.9983136593591906,0.8949357520786092
6,0.06,2.0,0.7,592,1,138,0.810958904109589,0.9983136593591906,0.8949357520786092
6,0.06,2.0,0.75,592,1,138,0.810958904109589,0.9983136593591906,0.8949357520786092
6,0.15,2.0,0.6,589,1,141,0.8068493150684931,0.9983050847457627,0.8924242424242425
6,0.15,2.0,0.5,589,1,141,0.8068493150684931,0.9983050847457627,0.8924242424242425
6,0.15,2.0,0.75,589,1,141,0.8068493150684931,0.9983050847457627,0.8924242424242425
6,0.15,2.0,0.8,589,1,141,0.8068493150684931,0.9983050847457627,0.8924242424242425
6,0.15,2.0,0.7,589,1,141,0.8068493150684931,0.9983050847457627,0.8924242424242425
10,0.06,2.0,0.5,552,4,178,0.7561643835616438,0.9928057553956835,0.8584758942457231
10,0.06,2.0,0.6,552,4,178,0.7561643835616438,0.9928057553956835,0.8584758942457231
10,0.06,2.0,0.75,551,5,179,0.7547945205479452,0.9910071942446043,0.8569206842923794
10,0.06,2.0,0.7,551,5,179,0.7547945205479452,0.9910071942446043,0.8569206842923794
10,0.06,2.0,0.8,550,5,180,0.7534246575342466,0.990990990990991,0.8560311284046692
10,0.08,2.0,0.6,549,4,181,0.7520547945205479,0.9927667269439421,0.8558067030397506
10,0.08,2.0,0.5,549,4,181,0.7520547945205479,0.9927667269439421,0.8558067030397506
10,0.08,2.0,0.7,548,5,182,0.7506849315068493,0.9909584086799277,0.8542478565861262
10,0.08,2.0,0.75,548,5,182,0.7506849315068493,0.9909584086799277,0.8542478565861262
10,0.12,2.0,0.5,545,1,185,0.7465753424657534,0.9981684981684982,0.85423197492163
10,0.12,2.0,0.6,545,1,185,0.7465753424657534,0.9981684981684982,0.85423197492163
10,0.12,2.0,0.75,544,1,186,0.7452054794520548,0.998165137614679,0.8533333333333334
10,0.12,2.0,0.7,544,1,186,0.7452054794520548,0.998165137614679,0.8533333333333334
10,0.08,2.0,0.8,546,5,184,0.7479452054794521,0.9909255898366606,0.8524590163934426
10,0.1,2.0,0.6,545,4,185,0.7465753424657534,0.9927140255009107,0.8522283033620016
10,0.1,2.0,0.5,545,4,185,0.7465753424657534,0.9927140255009107,0.8522283033620016
10,0.12,2.0,0.8,542,1,188,0.7424657534246575,0.998158379373849,0.8515318146111548
10,0.1,2.0,0.75,544,4,186,0.7452054794520548,0.9927007299270073,0.8513302034428795
10,0.1,2.0,0.7,544,4,186,0.7452054794520548,0.9927007299270073,0.8513302034428795
10,0.1,2.0,0.8,542,4,188,0.7424657534246575,0.9926739926739927,0.8495297805642633
10,0.15,2.0,0.6,539,1,191,0.7383561643835617,0.9981481481481481,0.8488188976377952
10,0.15,2.0,0.5,539,1,191,0.7383561643835617,0.9981481481481481,0.8488188976377952
10,0.15,2.0,0.75,538,1,192,0.736986301369863,0.9981447124304267,0.8479117415287627
10,0.15,2.0,0.7,538,1,192,0.736986301369863,0.9981447124304267,0.8479117415287627
10,0.15,2.0,0.8,536,1,194,0.7342465753424657,0.9981378026070763,0.846093133385951
5,0.08,3.0,0.6,524,6,206,0.7178082191780822,0.9886792452830189,0.8317460317460318
5,0.06,3.0,0.8,524,6,206,0.7178082191780822,0.9886792452830189,0.8317460317460318
5,0.06,3.0,0.75,524,6,206,0.7178082191780822,0.9886792452830189,0.8317460317460318
5,0.08,3.0,0.75,524,6,206,0.7178082191780822,0.9886792452830189,0.8317460317460318
5,0.08,3.0,0.7,524,6,206,0.7178082191780822,0.9886792452830189,0.8317460317460318
5,0.06,3.0,0.7,524,6,206,0.7178082191780822,0.9886792452830189,0.8317460317460318
5,0.06,3.0,0.6,524,6,206,0.7178082191780822,0.9886792452830189,0.8317460317460318
5,0.06,3.0,0.5,524,6,206,0.7178082191780822,0.9886792452830189,0.8317460317460318
5,0.08,3.0,0.8,524,6,206,0.7178082191780822,0.9886792452830189,0.8317460317460318
5,0.08,3.0,0.5,524,6,206,0.7178082191780822,0.9886792452830189,0.8317460317460318
5,0.12,3.0,0.8,523,6,207,0.7164383561643836,0.9886578449905482,0.8308181096108022
5,0.12,3.0,0.75,523,6,207,0.7164383561643836,0.9886578449905482,0.8308181096108022
5,0.12,3.0,0.7,523,6,207,0.7164383561643836,0.9886578449905482,0.8308181096108022
5,0.12,3.0,0.6,523,6,207,0.7164383561643836,0.9886578449905482,0.8308181096108022
5,0.12,3.0,0.5,523,6,207,0.7164383561643836,0.9886578449905482,0.8308181096108022
5,0.1,3.0,0.8,523,6,207,0.7164383561643836,0.9886578449905482,0.8308181096108022
5,0.1,3.0,0.75,523,6,207,0.7164383561643836,0.9886578449905482,0.8308181096108022
5,0.1,3.0,0.7,523,6,207,0.7164383561643836,0.9886578449905482,0.8308181096108022
5,0.1,3.0,0.6,523,6,207,0.7164383561643836,0.9886578449905482,0.8308181096108022
5,0.1,3.0,0.5,523,6,207,0.7164383561643836,0.9886578449905482,0.8308181096108022
5,0.15,3.0,0.75,521,6,209,0.7136986301369863,0.9886148007590133,0.8289578361177407
5,0.15,3.0,0.5,521,6,209,0.7136986301369863,0.9886148007590133,0.8289578361177407
5,0.15,3.0,0.6,521,6,209,0.7136986301369863,0.9886148007590133,0.8289578361177407
5,0.15,3.0,0.7,521,6,209,0.7136986301369863,0.9886148007590133,0.8289578361177407
5,0.15,3.0,0.8,521,6,209,0.7136986301369863,0.9886148007590133,0.8289578361177407
6,0.08,3.0,0.8,491,3,239,0.6726027397260274,0.9939271255060729,0.8022875816993463
6,0.06,3.0,0.5,491,3,239,0.6726027397260274,0.9939271255060729,0.8022875816993463
6,0.06,3.0,0.7,491,3,239,0.6726027397260274,0.9939271255060729,0.8022875816993463
6,0.06,3.0,0.75,491,3,239,0.6726027397260274,0.9939271255060729,0.8022875816993463
6,0.06,3.0,0.8,491,3,239,0.6726027397260274,0.9939271255060729,0.8022875816993463
6,0.1,3.0,0.5,491,3,239,0.6726027397260274,0.9939271255060729,0.8022875816993463
6,0.1,3.0,0.6,491,3,239,0.6726027397260274,0.9939271255060729,0.8022875816993463
6,0.1,3.0,0.7,491,3,239,0.6726027397260274,0.9939271255060729,0.8022875816993463
6,0.1,3.0,0.75,491,3,239,0.6726027397260274,0.9939271255060729,0.8022875816993463
6,0.06,3.0,0.6,491,3,239,0.6726027397260274,0.9939271255060729,0.8022875816993463
6,0.08,3.0,0.5,491,3,239,0.6726027397260274,0.9939271255060729,0.8022875816993463
6,0.08,3.0,0.6,491,3,239,0.6726027397260274,0.9939271255060729,0.8022875816993463
6,0.08,3.0,0.7,491,3,239,0.6726027397260274,0.9939271255060729,0.8022875816993463
6,0.08,3.0,0.75,491,3,239,0.6726027397260274,0.9939271255060729,0.8022875816993463
6,0.1,3.0,0.8,491,3,239,0.6726027397260274,0.9939271255060729,0.8022875816993463
6,0.12,3.0,0.6,489,3,241,0.6698630136986301,0.9939024390243902,0.8003273322422259
6,0.12,3.0,0.8,489,3,241,0.6698630136986301,0.9939024390243902,0.8003273322422259
6,0.12,3.0,0.5,489,3,241,0.6698630136986301,0.9939024390243902,0.8003273322422259
6,0.12,3.0,0.7,489,3,241,0.6698630136986301,0.9939024390243902,0.8003273322422259
6,0.12,3.0,0.75,489,3,241,0.6698630136986301,0.9939024390243902,0.8003273322422259
6,0.15,3.0,0.8,488,2,242,0.6684931506849315,0.9959183673469387,0.8
6,0.15,3.0,0.5,488,2,242,0.6684931506849315,0.9959183673469387,0.8
6,0.15,3.0,0.6,488,2,242,0.6684931506849315,0.9959183673469387,0.8
6,0.15,3.0,0.7,488,2,242,0.6684931506849315,0.9959183673469387,0.8
6,0.15,3.0,0.75,488,2,242,0.6684931506849315,0.9959183673469387,0.8
10,0.06,3.0,0.7,384,7,346,0.5260273972602739,0.9820971867007673,0.6851025869759142
10,0.06,3.0,0.8,384,7,346,0.5260273972602739,0.9820971867007673,0.6851025869759142
10,0.06,3.0,0.75,384,7,346,0.5260273972602739,0.9820971867007673,0.6851025869759142
10,0.06,3.0,0.6,384,7,346,0.5260273972602739,0.9820971867007673,0.6851025869759142
10,0.06,3.0,0.5,384,7,346,0.5260273972602739,0.9820971867007673,0.6851025869759142
10,0.08,3.0,0.6,381,7,349,0.5219178082191781,0.9819587628865979,0.6815742397137746
10,0.08,3.0,0.8,381,7,349,0.5219178082191781,0.9819587628865979,0.6815742397137746
10,0.08,3.0,0.75,381,7,349,0.5219178082191781,0.9819587628865979,0.6815742397137746
10,0.08,3.0,0.7,381,7,349,0.5219178082191781,0.9819587628865979,0.6815742397137746
10,0.08,3.0,0.5,381,7,349,0.5219178082191781,0.9819587628865979,0.6815742397137746
10,0.12,3.0,0.5,378,2,352,0.5178082191780822,0.9947368421052631,0.6810810810810811
10,0.12,3.0,0.6,378,2,352,0.5178082191780822,0.9947368421052631,0.6810810810810811
10,0.12,3.0,0.75,378,2,352,0.5178082191780822,0.9947368421052631,0.6810810810810811
10,0.12,3.0,0.7,378,2,352,0.5178082191780822,0.9947368421052631,0.6810810810810811
10,0.12,3.0,0.8,378,2,352,0.5178082191780822,0.9947368421052631,0.6810810810810811
10,0.1,3.0,0.75,378,5,352,0.5178082191780822,0.9869451697127938,0.679245283018868
10,0.1,3.0,0.8,378,5,352,0.5178082191780822,0.9869451697127938,0.679245283018868
10,0.1,3.0,0.6,378,5,352,0.5178082191780822,0.9869451697127938,0.679245283018868
10,0.1,3.0,0.7,378,5,352,0.5178082191780822,0.9869451697127938,0.679245283018868
10,0.1,3.0,0.5,378,5,352,0.5178082191780822,0.9869451697127938,0.679245283018868
10,0.15,3.0,0.7,376,2,354,0.5150684931506849,0.9947089947089947,0.6787003610108304
10,0.15,3.0,0.75,376,2,354,0.5150684931506849,0.9947089947089947,0.6787003610108304
10,0.15,3.0,0.8,376,2,354,0.5150684931506849,0.9947089947089947,0.6787003610108304
10,0.15,3.0,0.6,376,2,354,0.5150684931506849,0.9947089947089947,0.6787003610108304
10,0.15,3.0,0.5,376,2,354,0.5150684931506849,0.9947089947089947,0.6787003610108304
5,0.1,5.0,0.5,238,3,492,0.32602739726027397,0.9875518672199171,0.490216271884655
5,0.08,5.0,0.5,238,3,492,0.32602739726027397,0.9875518672199171,0.490216271884655
5,0.08,5.0,0.6,238,3,492,0.32602739726027397,0.9875518672199171,0.490216271884655
5,0.08,5.0,0.7,238,3,492,0.32602739726027397,0.9875518672199171,0.490216271884655
5,0.15,5.0,0.8,238,3,492,0.32602739726027397,0.9875518672199171,0.490216271884655
5,0.1,5.0,0.6,238,3,492,0.32602739726027397,0.9875518672199171,0.490216271884655
5,0.1,5.0,0.7,238,3,492,0.32602739726027397,0.9875518672199171,0.490216271884655
5,0.15,5.0,0.7,238,3,492,0.32602739726027397,0.9875518672199171,0.490216271884655
5,0.15,5.0,0.6,238,3,492,0.32602739726027397,0.9875518672199171,0.490216271884655
5,0.15,5.0,0.5,238,3,492,0.32602739726027397,0.9875518672199171,0.490216271884655
5,0.08,5.0,0.8,238,3,492,0.32602739726027397,0.9875518672199171,0.490216271884655
5,0.06,5.0,0.8,238,3,492,0.32602739726027397,0.9875518672199171,0.490216271884655
5,0.06,5.0,0.75,238,3,492,0.32602739726027397,0.9875518672199171,0.490216271884655
5,0.12,5.0,0.8,238,3,492,0.32602739726027397,0.9875518672199171,0.490216271884655
5,0.12,5.0,0.75,238,3,492,0.32602739726027397,0.9875518672199171,0.490216271884655
5,0.12,5.0,0.7,238,3,492,0.32602739726027397,0.9875518672199171,0.490216271884655
5,0.12,5.0,0.6,238,3,492,0.32602739726027397,0.9875518672199171,0.490216271884655
5,0.12,5.0,0.5,238,3,492,0.32602739726027397,0.9875518672199171,0.490216271884655
5,0.06,5.0,0.7,238,3,492,0.32602739726027397,0.9875518672199171,0.490216271884655
5,0.06,5.0,0.6,238,3,492,0.32602739726027397,0.9875518672199171,0.490216271884655
5,0.06,5.0,0.5,238,3,492,0.32602739726027397,0.9875518672199171,0.490216271884655
5,0.15,5.0,0.75,238,3,492,0.32602739726027397,0.9875518672199171,0.490216271884655
5,0.1,5.0,0.8,238,3,492,0.32602739726027397,0.9875518672199171,0.490216271884655
5,0.1,5.0,0.75,238,3,492,0.32602739726027397,0.9875518672199171,0.490216271884655
5,0.08,5.0,0.75,238,3,492,0.32602739726027397,0.9875518672199171,0.490216271884655
6,0.08,5.0,0.8,198,1,532,0.27123287671232876,0.9949748743718593,0.42626480086114105
6,0.1,5.0,0.8,198,1,532,0.27123287671232876,0.9949748743718593,0.42626480086114105
6,0.1,5.0,0.5,198,1,532,0.27123287671232876,0.9949748743718593,0.42626480086114105
6,0.06,5.0,0.8,198,1,532,0.27123287671232876,0.9949748743718593,0.42626480086114105
6,0.06,5.0,0.6,198,1,532,0.27123287671232876,0.9949748743718593,0.42626480086114105
6,0.1,5.0,0.75,198,1,532,0.27123287671232876,0.9949748743718593,0.42626480086114105
6,0.1,5.0,0.7,198,1,532,0.27123287671232876,0.9949748743718593,0.42626480086114105
6,0.1,5.0,0.6,198,1,532,0.27123287671232876,0.9949748743718593,0.42626480086114105
6,0.08,5.0,0.75,198,1,532,0.27123287671232876,0.9949748743718593,0.42626480086114105
6,0.08,5.0,0.5,198,1,532,0.27123287671232876,0.9949748743718593,0.42626480086114105
6,0.06,5.0,0.75,198,1,532,0.27123287671232876,0.9949748743718593,0.42626480086114105
6,0.08,5.0,0.6,198,1,532,0.27123287671232876,0.9949748743718593,0.42626480086114105
6,0.08,5.0,0.7,198,1,532,0.27123287671232876,0.9949748743718593,0.42626480086114105
6,0.06,5.0,0.5,198,1,532,0.27123287671232876,0.9949748743718593,0.42626480086114105
6,0.06,5.0,0.7,198,1,532,0.27123287671232876,0.9949748743718593,0.42626480086114105
6,0.12,5.0,0.5,197,1,533,0.26986301369863014,0.9949494949494949,0.4245689655172414
6,0.12,5.0,0.6,197,1,533,0.26986301369863014,0.9949494949494949,0.4245689655172414
6,0.12,5.0,0.8,197,1,533,0.26986301369863014,0.9949494949494949,0.4245689655172414
6,0.12,5.0,0.75,197,1,533,0.26986301369863014,0.9949494949494949,0.4245689655172414
6,0.12,5.0,0.7,197,1,533,0.26986301369863014,0.9949494949494949,0.4245689655172414
6,0.15,5.0,0.7,196,1,534,0.2684931506849315,0.9949238578680203,0.4228694714131608
6,0.15,5.0,0.75,196,1,534,0.2684931506849315,0.9949238578680203,0.4228694714131608
6,0.15,5.0,0.8,196,1,534,0.2684931506849315,0.9949238578680203,0.4228694714131608
6,0.15,5.0,0.5,196,1,534,0.2684931506849315,0.9949238578680203,0.4228694714131608
6,0.15,5.0,0.6,196,1,534,0.2684931506849315,0.9949238578680203,0.4228694714131608
10,0.15,5.0,0.5,101,0,629,0.13835616438356163,1.0,0.2430806257521059
10,0.15,5.0,0.6,101,0,629,0.13835616438356163,1.0,0.2430806257521059
10,0.15,5.0,0.7,101,0,629,0.13835616438356163,1.0,0.2430806257521059
10,0.15,5.0,0.75,101,0,629,0.13835616438356163,1.0,0.2430806257521059
10,0.1,5.0,0.8,101,0,629,0.13835616438356163,1.0,0.2430806257521059
10,0.1,5.0,0.75,101,0,629,0.13835616438356163,1.0,0.2430806257521059
10,0.12,5.0,0.8,101,0,629,0.13835616438356163,1.0,0.2430806257521059
10,0.1,5.0,0.7,101,0,629,0.13835616438356163,1.0,0.2430806257521059
10,0.1,5.0,0.6,101,0,629,0.13835616438356163,1.0,0.2430806257521059
10,0.1,5.0,0.5,101,0,629,0.13835616438356163,1.0,0.2430806257521059
10,0.08,5.0,0.8,101,0,629,0.13835616438356163,1.0,0.2430806257521059
10,0.08,5.0,0.75,101,0,629,0.13835616438356163,1.0,0.2430806257521059
10,0.08,5.0,0.7,101,0,629,0.13835616438356163,1.0,0.2430806257521059
10,0.08,5.0,0.6,101,0,629,0.13835616438356163,1.0,0.2430806257521059
10,0.08,5.0,0.5,101,0,629,0.13835616438356163,1.0,0.2430806257521059
10,0.06,5.0,0.8,101,0,629,0.13835616438356163,1.0,0.2430806257521059
10,0.06,5.0,0.75,101,0,629,0.13835616438356163,1.0,0.2430806257521059
10,0.06,5.0,0.7,101,0,629,0.13835616438356163,1.0,0.2430806257521059
10,0.06,5.0,0.6,101,0,629,0.13835616438356163,1.0,0.2430806257521059
10,0.06,5.0,0.5,101,0,629,0.13835616438356163,1.0,0.2430806257521059
10,0.12,5.0,0.5,101,0,629,0.13835616438356163,1.0,0.2430806257521059
10,0.12,5.0,0.6,101,0,629,0.13835616438356163,1.0,0.2430806257521059
10,0.12,5.0,0.7,101,0,629,0.13835616438356163,1.0,0.2430806257521059
10,0.12,5.0,0.75,101,0,629,0.13835616438356163,1.0,0.2430806257521059
10,0.15,5.0,0.8,101,0,629,0.13835616438356163,1.0,0.2430806257521059
