interval_min,S_th,k,R_th,TP,FP,FN,n_detected,Se,PPV,F
5,0.06,0.5,0.5,632,0,98,632,0.8658,1.0,0.928
5,0.06,0.5,0.6,631,0,99,631,0.8644,1.0,0.9273
5,0.06,0.5,0.7,616,0,114,616,0.8438,1.0,0.9153
5,0.06,0.5,0.75,592,0,138,592,0.811,1.0,0.8956
5,0.06,0.5,0.8,558,0,172,558,0.7644,1.0,0.8665
5,0.06,1.0,0.5,623,0,107,623,0.8534,1.0,0.9209
5,0.06,1.0,0.6,622,0,108,622,0.8521,1.0,0.9201
5,0.06,1.0,0.7,607,0,123,607,0.8315,1.0,0.908
5,0.06,1.0,0.75,583,0,147,583,0.7986,1.0,0.888
5,0.06,1.0,0.8,550,0,180,550,0.7534,1.0,0.8594
5,0.06,2.0,0.5,506,2,224,508,0.6932,0.9961,0.8174
5,0.06,2.0,0.6,505,2,225,507,0.6918,0.9961,0.8165
5,0.06,2.0,0.7,494,2,236,496,0.6767,0.996,0.8059
5,0.06,2.0,0.75,477,2,253,479,0.6534,0.9958,0.7891
5,0.06,2.0,0.8,452,2,278,454,0.6192,0.9956,0.7635
5,0.06,3.0,0.5,181,0,549,181,0.2479,1.0,0.3974
5,0.06,3.0,0.6,181,0,549,181,0.2479,1.0,0.3974
5,0.06,3.0,0.7,179,0,551,179,0.2452,1.0,0.3938
5,0.06,3.0,0.75,174,0,556,174,0.2384,1.0,0.385
5,0.06,3.0,0.8,164,0,566,164,0.2247,1.0,0.3669
5,0.06,5.0,0.5,0,0,730,0,0.0,,
5,0.06,5.0,0.6,0,0,730,0,0.0,,
5,0.06,5.0,0.7,0,0,730,0,0.0,,
5,0.06,5.0,0.75,0,0,730,0,0.0,,
5,0.06,5.0,0.8,0,0,730,0,0.0,,
5,0.08,0.5,0.5,627,0,103,627,0.8589,1.0,0.9241
5,0.08,0.5,0.6,626,0,104,626,0.8575,1.0,0.9233
5,0.08,0.5,0.7,611,0,119,611,0.837,1.0,0.9113
5,0.08,0.5,0.75,587,0,143,587,0.8041,1.0,0.8914
5,0.08,0.5,0.8,553,0,177,553,0.7575,1.0,0.862
5,0.08,1.0,0.5,617,0,113,617,0.8452,1.0,0.9161
5,0.08,1.0,0.6,616,0,114,616,0.8438,1.0,0.9153
5,0.08,1.0,0.7,601,0,129,601,0.8233,1.0,0.9031
5,0.08,1.0,0.75,577,0,153,577,0.7904,1.0,0.8829
5,0.08,1.0,0.8,544,0,186,544,0.7452,1.0,0.854
5,0.08,2.0,0.5,493,2,237,495,0.6753,0.996,0.8049
5,0.08,2.0,0.6,492,2,238,494,0.674,0.996,0.8039
5,0.08,2.0,0.7,481,2,249,483,0.6589,0.9959,0.7931
5,0.08,2.0,0.75,464,2,266,466,0.6356,0.9957,0.7759
5,0.08,2.0,0.8,439,2,291,441,0.6014,0.9955,0.7498
5,0.08,3.0,0.5,178,0,552,178,0.2438,1.0,0.3921
5,0.08,3.0,0.6,178,0,552,178,0.2438,1.0,0.3921
5,0.08,3.0,0.7,176,0,554,176,0.2411,1.0,0.3885
5,0.08,3.0,0.75,171,0,559,171,0.2342,1.0,0.3796
5,0.08,3.0,0.8,161,0,569,161,0.2205,1.0,0.3614
5,0.08,5.0,0.5,0,0,730,0,0.0,,
5,0.08,5.0,0.6,0,0,730,0,0.0,,
5,0.08,5.0,0.7,0,0,730,0,0.0,,
5,0.08,5.0,0.75,0,0,730,0,0.0,,
5,0.08,5.0,0.8,0,0,730,0,0.0,,
5,0.1,0.5,0.5,617,0,113,617,0.8452,1.0,0.9161
5,0.1,0.5,0.6,616,0,114,616,0.8438,1.0,0.9153
5,0.1,0.5,0.7,601,0,129,601,0.8233,1.0,0.9031
5,0.1,0.5,0.75,576,0,154,576,0.789,1.0,0.8821
5,0.1,0.5,0.8,542,0,188,542,0.7425,1.0,0.8522
5,0.1,1.0,0.5,604,0,126,604,0.8274,1.0,0.9055
5,0.1,1.0,0.6,603,0,127,603,0.826,1.0,0.9047
5,0.1,1.0,0.7,588,0,142,588,0.8055,1.0,0.8923
5,0.1,1.0,0.75,563,0,167,563,0.7712,1.0,0.8708
5,0.1,1.0,0.8,530,0,200,530,0.726,1.0,0.8413
5,0.1,2.0,0.5,477,2,253,479,0.6534,0.9958,0.7891
5,0.1,2.0,0.6,476,2,254,478,0.6521,0.9958,0.7881
5,0.1,2.0,0.7,465,2,265,467,0.637,0.9957,0.7769
5,0.1,2.0,0.75,448,2,282,450,0.6137,0.9956,0.7593
5,0.1,2.0,0.8,423,2,307,425,0.5795,0.9953,0.7325
5,0.1,3.0,0.5,175,0,555,175,0.2397,1.0,0.3867
5,0.1,3.0,0.6,175,0,555,175,0.2397,1.0,0.3867
5,0.1,3.0,0.7,173,0,557,173,0.237,1.0,0.3832
5,0.1,3.0,0.75,168,0,562,168,0.2301,1.0,0.3742
5,0.1,3.0,0.8,158,0,572,158,0.2164,1.0,0.3559
5,0.1,5.0,0.5,0,0,730,0,0.0,,
5,0.1,5.0,0.6,0,0,730,0,0.0,,
5,0.1,5.0,0.7,0,0,730,0,0.0,,
5,0.1,5.0,0.75,0,0,730,0,0.0,,
5,0.1,5.0,0.8,0,0,730,0,0.0,,
5,0.12,0.5,0.5,586,0,144,586,0.8027,1.0,0.8906
5,0.12,0.5,0.6,585,0,145,585,0.8014,1.0,0.8897
5,0.12,0.5,0.7,571,0,159,571,0.7822,1.0,0.8778
5,0.12,0.5,0.75,547,0,183,547,0.7493,1.0,0.8567
5,0.12,0.5,0.8,511,0,219,511,0.7,1.0,0.8235
5,0.12,1.0,0.5,569,0,161,569,0.7795,1.0,0.8761
5,0.12,1.0,0.6,568,0,162,568,0.7781,1.0,0.8752
5,0.12,1.0,0.7,554,0,176,554,0.7589,1.0,0.8629
5,0.12,1.0,0.75,530,0,200,530,0.726,1.0,0.8413
5,0.12,1.0,0.8,497,0,233,497,0.6808,1.0,0.8101
5,0.12,2.0,0.5,445,2,285,447,0.6096,0.9955,0.7562
5,0.12,2.0,0.6,444,2,286,446,0.6082,0.9955,0.7551
5,0.12,2.0,0.7,434,2,296,436,0.5945,0.9954,0.7444
5,0.12,2.0,0.75,418,2,312,420,0.5726,0.9952,0.727
5,0.12,2.0,0.8,393,2,337,395,0.5384,0.9949,0.6987
5,0.12,3.0,0.5,165,1,565,166,0.226,0.994,0.3683
5,0.12,3.0,0.6,165,1,565,166,0.226,0.994,0.3683
5,0.12,3.0,0.7,163,1,567,164,0.2233,0.9939,0.3647
5,0.12,3.0,0.75,159,0,571,159,0.2178,1.0,0.3577
5,0.12,3.0,0.8,149,0,581,149,0.2041,1.0,0.339
5,0.12,5.0,0.5,0,0,730,0,0.0,,
5,0.12,5.0,0.6,0,0,730,0,0.0,,
5,0.12,5.0,0.7,0,0,730,0,0.0,,
5,0.12,5.0,0.75,0,0,730,0,0.0,,
5,0.12,5.0,0.8,0,0,730,0,0.0,,
5,0.15,0.5,0.5,509,0,221,509,0.6973,1.0,0.8216
5,0.15,0.5,0.6,509,0,221,509,0.6973,1.0,0.8216
5,0.15,0.5,0.7,497,0,233,497,0.6808,1.0,0.8101
5,0.15,0.5,0.75,481,0,249,481,0.6589,1.0,0.7944
5,0.15,0.5,0.8,449,0,281,449,0.6151,1.0,0.7617
5,0.15,1.0,0.5,493,0,237,493,0.6753,1.0,0.8062
5,0.15,1.0,0.6,493,0,237,493,0.6753,1.0,0.8062
5,0.15,1.0,0.7,481,0,249,481,0.6589,1.0,0.7944
5,0.15,1.0,0.75,465,0,265,465,0.637,1.0,0.7782
5,0.15,1.0,0.8,436,0,294,436,0.5973,1.0,0.7479
5,0.15,2.0,0.5,388,2,342,390,0.5315,0.9949,0.6929
5,0.15,2.0,0.6,388,2,342,390,0.5315,0.9949,0.6929
5,0.15,2.0,0.7,380,2,350,382,0.5205,0.9948,0.6835
5,0.15,2.0,0.75,370,2,360,372,0.5068,0.9946,0.6715
5,0.15,2.0,0.8,347,2,383,349,0.4753,0.9943,0.6432
5,0.15,3.0,0.5,150,1,580,151,0.2055,0.9934,0.3405
5,0.15,3.0,0.6,150,1,580,151,0.2055,0.9934,0.3405
5,0.15,3.0,0.7,148,1,582,149,0.2027,0.9933,0.3367
5,0.15,3.0,0.75,145,0,585,145,0.1986,1.0,0.3314
5,0.15,3.0,0.8,137,0,593,137,0.1877,1.0,0.316
5,0.15,5.0,0.5,0,0,730,0,0.0,,
5,0.15,5.0,0.6,0,0,730,0,0.0,,
5,0.15,5.0,0.7,0,0,730,0,0.0,,
5,0.15,5.0,0.75,0,0,730,0,0.0,,
5,0.15,5.0,0.8,0,0,730,0,0.0,,
6,0.06,0.5,0.5,623,0,107,623,0.8534,1.0,0.9209
6,0.06,0.5,0.6,620,0,110,620,0.8493,1.0,0.9185
6,0.06,0.5,0.7,598,0,132,598,0.8192,1.0,0.9006
6,0.06,0.5,0.75,569,0,161,569,0.7795,1.0,0.8761
6,0.06,0.5,0.8,535,0,195,535,0.7329,1.0,0.8458
6,0.06,1.0,0.5,600,0,130,600,0.8219,1.0,0.9023
6,0.06,1.0,0.6,597,0,133,597,0.8178,1.0,0.8998
6,0.06,1.0,0.7,576,0,154,576,0.789,1.0,0.8821
6,0.06,1.0,0.75,548,0,182,548,0.7507,1.0,0.8576
6,0.06,1.0,0.8,515,0,215,515,0.7055,1.0,0.8273
6,0.06,2.0,0.5,432,1,298,433,0.5918,0.9977,0.7429
6,0.06,2.0,0.6,430,1,300,431,0.589,0.9977,0.7407
6,0.06,2.0,0.7,420,1,310,421,0.5753,0.9976,0.7298
6,0.06,2.0,0.75,402,1,328,403,0.5507,0.9975,0.7096
6,0.06,2.0,0.8,382,1,348,383,0.5233,0.9974,0.6864
6,0.06,3.0,0.5,150,0,580,150,0.2055,1.0,0.3409
6,0.06,3.0,0.6,150,0,580,150,0.2055,1.0,0.3409
6,0.06,3.0,0.7,146,0,584,146,0.2,1.0,0.3333
6,0.06,3.0,0.75,144,0,586,144,0.1973,1.0,0.3295
6,0.06,3.0,0.8,137,0,593,137,0.1877,1.0,0.316
6,0.06,5.0,0.5,0,0,730,0,0.0,,
6,0.06,5.0,0.6,0,0,730,0,0.0,,
6,0.06,5.0,0.7,0,0,730,0,0.0,,
6,0.06,5.0,0.75,0,0,730,0,0.0,,
6,0.06,5.0,0.8,0,0,730,0,0.0,,
6,0.08,0.5,0.5,614,0,116,614,0.8411,1.0,0.9137
6,0.08,0.5,0.6,611,0,119,611,0.837,1.0,0.9113
6,0.08,0.5,0.7,589,0,141,589,0.8068,1.0,0.8931
6,0.08,0.5,0.75,559,0,171,559,0.7658,1.0,0.8673
6,0.08,0.5,0.8,525,0,205,525,0.7192,1.0,0.8367
6,0.08,1.0,0.5,591,0,139,591,0.8096,1.0,0.8948
6,0.08,1.0,0.6,588,0,142,588,0.8055,1.0,0.8923
6,0.08,1.0,0.7,567,0,163,567,0.7767,1.0,0.8743
6,0.08,1.0,0.75,538,0,192,538,0.737,1.0,0.8486
6,0.08,1.0,0.8,505,0,225,505,0.6918,1.0,0.8178
6,0.08,2.0,0.5,418,1,312,419,0.5726,0.9976,0.7276
6,0.08,2.0,0.6,416,1,314,417,0.5699,0.9976,0.7254
6,0.08,2.0,0.7,406,1,324,407,0.5562,0.9975,0.7142
6,0.08,2.0,0.75,387,1,343,388,0.5301,0.9974,0.6923
6,0.08,2.0,0.8,367,1,363,368,0.5027,0.9973,0.6685
6,0.08,3.0,0.5,146,0,584,146,0.2,1.0,0.3333
6,0.08,3.0,0.6,146,0,584,146,0.2,1.0,0.3333
6,0.08,3.0,0.7,142,0,588,142,0.1945,1.0,0.3257
6,0.08,3.0,0.75,140,0,590,140,0.1918,1.0,0.3218
6,0.08,3.0,0.8,133,0,597,133,0.1822,1.0,0.3082
6,0.08,5.0,0.5,0,0,730,0,0.0,,
6,0.08,5.0,0.6,0,0,730,0,0.0,,
6,0.08,5.0,0.7,0,0,730,0,0.0,,
6,0.08,5.0,0.75,0,0,730,0,0.0,,
6,0.08,5.0,0.8,0,0,730,0,0.0,,
6,0.1,0.5,0.5,583,0,147,583,0.7986,1.0,0.888
6,0.1,0.5,0.6,580,0,150,580,0.7945,1.0,0.8855
6,0.1,0.5,0.7,559,0,171,559,0.7658,1.0,0.8673
6,0.1,0.5,0.75,531,0,199,531,0.7274,1.0,0.8422
6,0.1,0.5,0.8,498,0,232,498,0.6822,1.0,0.8111
6,0.1,1.0,0.5,559,0,171,559,0.7658,1.0,0.8673
6,0.1,1.0,0.6,556,0,174,556,0.7616,1.0,0.8647
6,0.1,1.0,0.7,536,0,194,536,0.7342,1.0,0.8468
6,0.1,1.0,0.75,508,0,222,508,0.6959,1.0,0.8207
6,0.1,1.0,0.8,476,0,254,476,0.6521,1.0,0.7894
6,0.1,2.0,0.5,399,1,331,400,0.5466,0.9975,0.7062
6,0.1,2.0,0.6,397,1,333,398,0.5438,0.9975,0.7039
6,0.1,2.0,0.7,387,1,343,388,0.5301,0.9974,0.6923
6,0.1,2.0,0.75,369,1,361,370,0.5055,0.9973,0.6709
6,0.1,2.0,0.8,350,1,380,351,0.4795,0.9972,0.6475
6,0.1,3.0,0.5,141,0,589,141,0.1932,1.0,0.3238
6,0.1,3.0,0.6,141,0,589,141,0.1932,1.0,0.3238
6,0.1,3.0,0.7,137,0,593,137,0.1877,1.0,0.316
6,0.1,3.0,0.75,135,0,595,135,0.1849,1.0,0.3121
6,0.1,3.0,0.8,128,0,602,128,0.1753,1.0,0.2984
6,0.1,5.0,0.5,0,0,730,0,0.0,,
6,0.1,5.0,0.6,0,0,730,0,0.0,,
6,0.1,5.0,0.7,0,0,730,0,0.0,,
6,0.1,5.0,0.75,0,0,730,0,0.0,,
6,0.1,5.0,0.8,0,0,730,0,0.0,,
6,0.12,0.5,0.5,518,0,212,518,0.7096,1.0,0.8301
6,0.12,0.5,0.6,517,0,213,517,0.7082,1.0,0.8292
6,0.12,0.5,0.7,497,0,233,497,0.6808,1.0,0.8101
6,0.12,0.5,0.75,472,0,258,472,0.6466,1.0,0.7854
6,0.12,0.5,0.8,444,0,286,444,0.6082,1.0,0.7564
6,0.12,1.0,0.5,501,0,229,501,0.6863,1.0,0.814
6,0.12,1.0,0.6,500,0,230,500,0.6849,1.0,0.813
6,0.12,1.0,0.7,481,0,249,481,0.6589,1.0,0.7944
6,0.12,1.0,0.75,456,0,274,456,0.6247,1.0,0.769
6,0.12,1.0,0.8,428,0,302,428,0.5863,1.0,0.7392
6,0.12,2.0,0.5,367,1,363,368,0.5027,0.9973,0.6685
6,0.12,2.0,0.6,367,1,363,368,0.5027,0.9973,0.6685
6,0.12,2.0,0.7,358,1,372,359,0.4904,0.9972,0.6575
6,0.12,2.0,0.75,342,1,388,343,0.4685,0.9971,0.6375
6,0.12,2.0,0.8,325,1,405,326,0.4452,0.9969,0.6155
6,0.12,3.0,0.5,136,0,594,136,0.1863,1.0,0.3141
6,0.12,3.0,0.6,136,0,594,136,0.1863,1.0,0.3141
6,0.12,3.0,0.7,132,0,598,132,0.1808,1.0,0.3063
6,0.12,3.0,0.75,131,0,599,131,0.1795,1.0,0.3043
6,0.12,3.0,0.8,124,0,606,124,0.1699,1.0,0.2904
6,0.12,5.0,0.5,0,0,730,0,0.0,,
6,0.12,5.0,0.6,0,0,730,0,0.0,,
6,0.12,5.0,0.7,0,0,730,0,0.0,,
6,0.12,5.0,0.75,0,0,730,0,0.0,,
6,0.12,5.0,0.8,0,0,730,0,0.0,,
6,0.15,0.5,0.5,417,0,313,417,0.5712,1.0,0.7271
6,0.15,0.5,0.6,416,0,314,416,0.5699,1.0,0.726
6,0.15,0.5,0.7,403,1,327,404,0.5521,0.9975,0.7108
6,0.15,0.5,0.75,387,1,343,388,0.5301,0.9974,0.6923
6,0.15,0.5,0.8,367,1,363,368,0.5027,0.9973,0.6685
6,0.15,1.0,0.5,401,0,329,401,0.5493,1.0,0.7091
6,0.15,1.0,0.6,400,0,330,400,0.5479,1.0,0.708
6,0.15,1.0,0.7,387,1,343,388,0.5301,0.9974,0.6923
6,0.15,1.0,0.75,372,1,358,373,0.5096,0.9973,0.6745
6,0.15,1.0,0.8,352,1,378,353,0.4822,0.9972,0.65
6,0.15,2.0,0.5,296,0,434,296,0.4055,1.0,0.577
6,0.15,2.0,0.6,296,0,434,296,0.4055,1.0,0.577
6,0.15,2.0,0.7,291,0,439,291,0.3986,1.0,0.57
6,0.15,2.0,0.75,283,0,447,283,0.3877,1.0,0.5587
6,0.15,2.0,0.8,272,0,458,272,0.3726,1.0,0.5429
6,0.15,3.0,0.5,115,0,615,115,0.1575,1.0,0.2722
6,0.15,3.0,0.6,115,0,615,115,0.1575,1.0,0.2722
6,0.15,3.0,0.7,112,0,618,112,0.1534,1.0,0.266
6,0.15,3.0,0.75,111,0,619,111,0.1521,1.0,0.264
6,0.15,3.0,0.8,107,0,623,107,0.1466,1.0,0.2557
6,0.15,5.0,0.5,0,0,730,0,0.0,,
6,0.15,5.0,0.6,0,0,730,0,0.0,,
6,0.15,5.0,0.7,0,0,730,0,0.0,,
6,0.15,5.0,0.75,0,0,730,0,0.0,,
6,0.15,5.0,0.8,0,0,730,0,0.0,,
10,0.06,0.5,0.5,570,2,160,572,0.7808,0.9965,0.8756
10,0.06,0.5,0.6,565,2,165,567,0.774,0.9965,0.8712
10,0.06,0.5,0.7,540,3,190,543,0.7397,0.9945,0.8484
10,0.06,0.5,0.75,506,3,224,509,0.6932,0.9941,0.8168
10,0.06,0.5,0.8,461,3,269,464,0.6315,0.9935,0.7722
10,0.06,1.0,0.5,499,1,231,500,0.6836,0.998,0.8114
10,0.06,1.0,0.6,495,1,235,496,0.6781,0.998,0.8075
10,0.06,1.0,0.7,472,2,258,474,0.6466,0.9958,0.7841
10,0.06,1.0,0.75,440,2,290,442,0.6027,0.9955,0.7509
10,0.06,1.0,0.8,402,2,328,404,0.5507,0.995,0.709
10,0.06,2.0,0.5,302,2,428,304,0.4137,0.9934,0.5841
10,0.06,2.0,0.6,299,2,431,301,0.4096,0.9934,0.58
10,0.06,2.0,0.7,290,1,440,291,0.3973,0.9966,0.5681
10,0.06,2.0,0.75,274,1,456,275,0.3753,0.9964,0.5453
10,0.06,2.0,0.8,253,1,477,254,0.3466,0.9961,0.5142
10,0.06,3.0,0.5,76,0,654,76,0.1041,1.0,0.1886
10,0.06,3.0,0.6,76,0,654,76,0.1041,1.0,0.1886
10,0.06,3.0,0.7,75,0,655,75,0.1027,1.0,0.1863
10,0.06,3.0,0.75,71,0,659,71,0.0973,1.0,0.1773
10,0.06,3.0,0.8,69,0,661,69,0.0945,1.0,0.1727
10,0.06,5.0,0.5,0,0,730,0,0.0,,
10,0.06,5.0,0.6,0,0,730,0,0.0,,
10,0.06,5.0,0.7,0,0,730,0,0.0,,
10,0.06,5.0,0.75,0,0,730,0,0.0,,
10,0.06,5.0,0.8,0,0,730,0,0.0,,
10,0.08,0.5,0.5,503,1,227,504,0.689,0.998,0.8152
10,0.08,0.5,0.6,499,1,231,500,0.6836,0.998,0.8114
10,0.08,0.5,0.7,479,1,251,480,0.6562,0.9979,0.7917
10,0.08,0.5,0.75,449,1,281,450,0.6151,0.9978,0.761
10,0.08,0.5,0.8,408,2,322,410,0.5589,0.9951,0.7158
10,0.08,1.0,0.5,455,1,275,456,0.6233,0.9978,0.7673
10,0.08,1.0,0.6,451,1,279,452,0.6178,0.9978,0.7631
10,0.08,1.0,0.7,430,2,300,432,0.589,0.9954,0.7401
10,0.08,1.0,0.75,402,2,328,404,0.5507,0.995,0.709
10,0.08,1.0,0.8,367,2,363,369,0.5027,0.9946,0.6679
10,0.08,2.0,0.5,290,2,440,292,0.3973,0.9932,0.5675
10,0.08,2.0,0.6,287,2,443,289,0.3932,0.9931,0.5633
10,0.08,2.0,0.7,278,1,452,279,0.3808,0.9964,0.551
10,0.08,2.0,0.75,263,1,467,264,0.3603,0.9962,0.5292
10,0.08,2.0,0.8,242,1,488,243,0.3315,0.9959,0.4974
10,0.08,3.0,0.5,74,0,656,74,0.1014,1.0,0.1841
10,0.08,3.0,0.6,74,0,656,74,0.1014,1.0,0.1841
10,0.08,3.0,0.7,73,0,657,73,0.1,1.0,0.1818
10,0.08,3.0,0.75,69,0,661,69,0.0945,1.0,0.1727
10,0.08,3.0,0.8,67,0,663,67,0.0918,1.0,0.1681
10,0.08,5.0,0.5,0,0,730,0,0.0,,
10,0.08,5.0,0.6,0,0,730,0,0.0,,
10,0.08,5.0,0.7,0,0,730,0,0.0,,
10,0.08,5.0,0.75,0,0,730,0,0.0,,
10,0.08,5.0,0.8,0,0,730,0,0.0,,
10,0.1,0.5,0.5,410,1,320,411,0.5616,0.9976,0.7187
10,0.1,0.5,0.6,406,1,324,407,0.5562,0.9975,0.7142
10,0.1,0.5,0.7,390,0,340,390,0.5342,1.0,0.6964
10,0.1,0.5,0.75,368,0,362,368,0.5041,1.0,0.6703
10,0.1,0.5,0.8,337,1,393,338,0.4616,0.997,0.6311
10,0.1,1.0,0.5,378,1,352,379,0.5178,0.9974,0.6817
10,0.1,1.0,0.6,374,1,356,375,0.5123,0.9973,0.6769
10,0.1,1.0,0.7,356,2,374,358,0.4877,0.9944,0.6544
10,0.1,1.0,0.75,335,2,395,337,0.4589,0.9941,0.6279
10,0.1,1.0,0.8,308,1,422,309,0.4219,0.9968,0.5929
10,0.1,2.0,0.5,257,1,473,258,0.3521,0.9961,0.5202
10,0.1,2.0,0.6,254,1,476,255,0.3479,0.9961,0.5157
10,0.1,2.0,0.7,247,0,483,247,0.3384,1.0,0.5056
10,0.1,2.0,0.75,234,0,496,234,0.3205,1.0,0.4855
10,0.1,2.0,0.8,217,0,513,217,0.2973,1.0,0.4583
10,0.1,3.0,0.5,67,0,663,67,0.0918,1.0,0.1681
10,0.1,3.0,0.6,67,0,663,67,0.0918,1.0,0.1681
10,0.1,3.0,0.7,66,0,664,66,0.0904,1.0,0.1658
10,0.1,3.0,0.75,63,0,667,63,0.0863,1.0,0.1589
10,0.1,3.0,0.8,61,0,669,61,0.0836,1.0,0.1542
10,0.1,5.0,0.5,0,0,730,0,0.0,,
10,0.1,5.0,0.6,0,0,730,0,0.0,,
10,0.1,5.0,0.7,0,0,730,0,0.0,,
10,0.1,5.0,0.75,0,0,730,0,0.0,,
10,0.1,5.0,0.8,0,0,730,0,0.0,,
10,0.12,0.5,0.5,331,0,399,331,0.4534,1.0,0.6239
10,0.12,0.5,0.6,329,0,401,329,0.4507,1.0,0.6213
10,0.12,0.5,0.7,316,0,414,316,0.4329,1.0,0.6042
10,0.12,0.5,0.75,299,0,431,299,0.4096,1.0,0.5811
10,0.12,0.5,0.8,277,0,453,277,0.3795,1.0,0.5501
10,0.12,1.0,0.5,310,0,420,310,0.4247,1.0,0.5962
10,0.12,1.0,0.6,308,0,422,308,0.4219,1.0,0.5934
10,0.12,1.0,0.7,295,0,435,295,0.4041,1.0,0.5756
10,0.12,1.0,0.75,278,0,452,278,0.3808,1.0,0.5516
10,0.12,1.0,0.8,257,0,473,257,0.3521,1.0,0.5208
10,0.12,2.0,0.5,219,1,511,220,0.3,0.9955,0.4611
10,0.12,2.0,0.6,218,1,512,219,0.2986,0.9954,0.4594
10,0.12,2.0,0.7,212,0,518,212,0.2904,1.0,0.4501
10,0.12,2.0,0.75,203,0,527,203,0.2781,1.0,0.4352
10,0.12,2.0,0.8,190,0,540,190,0.2603,1.0,0.413
10,0.12,3.0,0.5,61,0,669,61,0.0836,1.0,0.1542
10,0.12,3.0,0.6,61,0,669,61,0.0836,1.0,0.1542
10,0.12,3.0,0.7,60,0,670,60,0.0822,1.0,0.1519
10,0.12,3.0,0.75,57,0,673,57,0.0781,1.0,0.1449
10,0.12,3.0,0.8,55,0,675,55,0.0753,1.0,0.1401
10,0.12,5.0,0.5,0,0,730,0,0.0,,
10,0.12,5.0,0.6,0,0,730,0,0.0,,
10,0.12,5.0,0.7,0,0,730,0,0.0,,
10,0.12,5.0,0.75,0,0,730,0,0.0,,
10,0.12,5.0,0.8,0,0,730,0,0.0,,
10,0.15,0.5,0.5,265,0,465,265,0.363,1.0,0.5327
10,0.15,0.5,0.6,265,0,465,265,0.363,1.0,0.5327
10,0.15,0.5,0.7,256,0,474,256,0.3507,1.0,0.5193
10,0.15,0.5,0.75,242,0,488,242,0.3315,1.0,0.4979
10,0.15,0.5,0.8,229,0,501,229,0.3137,1.0,0.4776
10,0.15,1.0,0.5,252,0,478,252,0.3452,1.0,0.5132
10,0.15,1.0,0.6,252,0,478,252,0.3452,1.0,0.5132
10,0.15,1.0,0.7,243,0,487,243,0.3329,1.0,0.4995
10,0.15,1.0,0.75,229,0,501,229,0.3137,1.0,0.4776
10,0.15,1.0,0.8,217,0,513,217,0.2973,1.0,0.4583
10,0.15,2.0,0.5,184,0,546,184,0.2521,1.0,0.4026
10,0.15,2.0,0.6,184,0,546,184,0.2521,1.0,0.4026
10,0.15,2.0,0.7,181,0,549,181,0.2479,1.0,0.3974
10,0.15,2.0,0.75,174,0,556,174,0.2384,1.0,0.385
10,0.15,2.0,0.8,167,0,563,167,0.2288,1.0,0.3724
10,0.15,3.0,0.5,51,0,679,51,0.0699,1.0,0.1306
10,0.15,3.0,0.6,51,0,679,51,0.0699,1.0,0.1306
10,0.15,3.0,0.7,51,0,679,51,0.0699,1.0,0.1306
10,0.15,3.0,0.75,48,0,682,48,0.0658,1.0,0.1234
10,0.15,3.0,0.8,48,0,682,48,0.0658,1.0,0.1234
10,0.15,5.0,0.5,0,0,730,0,0.0,,
10,0.15,5.0,0.6,0,0,730,0,0.0,,
10,0.15,5.0,0.7,0,0,730,0,0.0,,
10,0.15,5.0,0.75,0,0,730,0,0.0,,
10,0.15,5.0,0.8,0,0,730,0,0.0,,
