id,src,base,trough,drop,rec_pct,near_bout_min,v_inwin,v_drop,v_rec,ok
5735,DATAGEN,37.6,35.58,2.02,155,2,True,True,True,True
7082,DATAGEN,37.96,36.0,1.96,155,1,True,True,True,True
7706,DATAGEN,37.3,36.13,1.17,238,0,True,True,True,True
6274,DATAGEN,39.33,36.57,2.76,83,0,True,True,True,True
6781,DATAGEN,36.67,35.14,1.53,130,2,True,True,True,True
7775,DATAGEN,36.5,35.35,1.15,282,8,True,True,True,True
7132,DATAGEN,38.78,36.11,2.67,93,2,True,True,True,True
7146,DATAGEN,38.59,34.73,3.86,58,7,True,True,True,True
6308,DATAGEN,38.71,35.72,2.99,74,8,True,True,True,True
7079,DATAGEN,37.91,35.85,2.06,109,5,True,True,True,True
5781,ALGORITHM_CA,38.34,35.91,2.43,68,1,True,True,True,True
7262,ALGORITHM_CA,38.54,35.15,3.39,54,0,True,True,True,True
7279,ALGORITHM_CA,38.97,35.69,3.28,67,2,True,True,True,True
6815,ALGORITHM_CA,38.75,35.85,2.9,68,3,True,True,True,True
7492,ALGORITHM_CA,38.43,34.6,3.83,80,6,True,True,True,True
7853,ALGORITHM_CA,38.41,36.61,1.8,131,3,True,True,True,True
7051,ALGORITHM_CA,37.48,35.48,2.0,146,12,True,True,True,True
7672,MANUAL,36.73,36.88,-0.15,0,0,True,False,False,False
7673,MANUAL,37.85,37.92,-0.07,0,0,True,False,False,False
7674,MANUAL,37.86,38.06,-0.2,0,0,True,False,False,False
